date_modeled,poll_subject,party,pct_concern_very_estimate,pct_concern_some_estimate,pct_concern_not_very_estimate,pct_concern_none_estimate,timestamp
2021-11-14,1,all,24.525285,32.476266,26.226977,16.381556,13:16:01 14 Nov 2021
2021-11-14,0,all,49.041857,35.450926,10.346955,3.7443655,13:15:56 14 Nov 2021
2021-11-13,0,all,49.041857,35.450926,10.346955,3.7443655,13:15:57 14 Nov 2021
2021-11-13,1,all,24.525285,32.476266,26.226977,16.381556,13:16:04 14 Nov 2021
2021-11-12,0,all,49.041857,35.450926,10.346955,3.7443655,16:02:24 12 Nov 2021
2021-11-12,1,all,24.525285,32.476266,26.226977,16.381556,16:02:27 12 Nov 2021
2021-11-11,0,all,49.041857,35.450926,10.346955,3.7443655,08:38:39 12 Nov 2021
2021-11-11,1,all,24.525285,32.476266,26.226977,16.381556,08:38:45 12 Nov 2021
2021-11-10,0,all,49.041857,35.450926,10.346955,3.7443655,20:17:23 10 Nov 2021
2021-11-10,1,all,24.525285,32.476266,26.226977,16.381556,20:17:26 10 Nov 2021
2021-11-09,1,all,24.525285,32.476266,26.226977,16.381556,21:47:29  9 Nov 2021
2021-11-09,0,all,49.041857,35.450926,10.346955,3.7443655,21:47:25  9 Nov 2021
2021-11-08,0,all,49.041857,35.450926,10.346955,3.7443655,12:40:24  8 Nov 2021
2021-11-08,1,all,24.525285,32.476266,26.226977,16.381556,12:40:27  8 Nov 2021
2021-11-07,1,all,24.525285,32.476266,26.226977,16.381556,09:11:31  8 Nov 2021
2021-11-07,0,all,49.041857,35.450926,10.346955,3.7443655,09:11:21  8 Nov 2021
2021-11-06,1,all,24.525285,32.476266,26.226977,16.381556,09:11:34  8 Nov 2021
2021-11-06,0,all,49.041857,35.450926,10.346955,3.7443655,09:11:23  8 Nov 2021
2021-11-05,0,D,49.041857,35.450926,10.346955,3.7443655,09:10:15  8 Nov 2021
2021-11-05,1,all,24.525285,32.476266,26.226977,16.381556,09:11:38  8 Nov 2021
2021-11-05,0,all,49.041857,35.450926,10.346955,3.7443655,09:11:24  8 Nov 2021
2021-11-04,1,all,24.525285,32.476266,26.226977,16.381556,14:26:28  4 Nov 2021
2021-11-04,0,all,49.041857,35.450926,10.346955,3.7443655,14:26:25  4 Nov 2021
2021-11-03,0,all,49.041857,35.450926,10.346955,3.7443655,14:30:26  3 Nov 2021
2021-11-03,1,all,24.525285,32.476266,26.226977,16.381556,14:30:29  3 Nov 2021
2021-11-02,0,all,49.041857,35.450926,10.346955,3.7443655,14:58:24  2 Nov 2021
2021-11-02,1,all,24.525285,32.476266,26.226977,16.381556,14:58:27  2 Nov 2021
2021-11-01,0,all,49.04186,35.45092,10.34696,3.744366,09:32:22  1 Nov 2021
2021-11-01,1,all,24.52529,32.47626,26.22698,16.38156,09:32:26  1 Nov 2021
2021-10-31,0,all,49.04186,35.45092,10.34696,3.744366,12:35:38 31 Oct 2021
2021-10-31,1,all,24.52529,32.47626,26.22698,16.38156,12:35:43 31 Oct 2021
2021-10-30,0,all,49.04186,35.45092,10.34696,3.744366,12:35:39 31 Oct 2021
2021-10-30,1,all,24.52529,32.47626,26.22698,16.38156,12:35:46 31 Oct 2021
2021-10-29,0,all,49.04186,35.45092,10.34696,3.744366,13:51:24 29 Oct 2021
2021-10-29,1,all,24.52529,32.47626,26.22698,16.38156,13:51:27 29 Oct 2021
2021-10-28,0,all,49.04186,35.45092,10.34696,3.744366,13:53:22 28 Oct 2021
2021-10-28,1,all,24.52529,32.47626,26.22698,16.38156,13:53:26 28 Oct 2021
2021-10-27,1,all,24.525285,32.476266,26.226977,16.381556,09:30:57 27 Oct 2021
2021-10-27,0,all,49.041857,35.450926,10.346955,3.7443655,09:30:51 27 Oct 2021
2021-10-26,1,all,24.525285,32.476266,26.226977,16.381556,09:31:01 27 Oct 2021
2021-10-26,0,all,49.041857,35.450926,10.346955,3.7443655,09:30:53 27 Oct 2021
2021-10-25,0,all,49.041857,35.450926,10.346955,3.7443655,15:41:32 25 Oct 2021
2021-10-25,1,all,24.525285,32.476266,26.226977,16.381556,15:41:42 25 Oct 2021
2021-10-24,1,all,24.525285,32.476266,26.226977,16.381556,15:41:46 25 Oct 2021
2021-10-24,0,all,49.041857,35.450926,10.346955,3.7443655,15:41:34 25 Oct 2021
2021-10-23,1,all,24.525285,32.476266,26.226977,16.381556,15:41:51 25 Oct 2021
2021-10-23,0,all,49.041857,35.450926,10.346955,3.7443655,15:41:36 25 Oct 2021
2021-10-22,0,all,49.041857,35.450926,10.346955,3.7443655,15:41:38 25 Oct 2021
2021-10-22,1,all,24.525285,32.476266,26.226977,16.381556,15:41:55 25 Oct 2021
2021-10-21,1,all,24.525285,32.476266,26.226977,16.381556,12:35:33 21 Oct 2021
2021-10-21,0,all,49.041857,35.450926,10.346955,3.7443655,12:35:28 21 Oct 2021
2021-10-20,1,all,24.525285,32.476266,26.226977,16.381556,20:40:34 20 Oct 2021
2021-10-20,0,all,49.041857,35.450926,10.346955,3.7443655,20:40:30 20 Oct 2021
2021-10-19,1,all,24.525285,32.476266,26.226977,16.381556,09:20:57 19 Oct 2021
2021-10-19,0,all,49.041857,35.450926,10.346955,3.7443655,09:20:51 19 Oct 2021
2021-10-18,0,all,49.041857,35.450926,10.346955,3.7443655,09:20:52 19 Oct 2021
2021-10-18,1,all,24.525285,32.476266,26.226977,16.381556,09:21:01 19 Oct 2021
2021-10-17,0,all,49.041857,35.450926,10.346955,3.7443655,19:16:09 17 Oct 2021
2021-10-17,1,all,24.525285,32.476266,26.226977,16.381556,19:16:17 17 Oct 2021
2021-10-16,1,all,24.525285,32.476266,26.226977,16.381556,19:16:21 17 Oct 2021
2021-10-16,0,all,49.041857,35.450926,10.346955,3.7443655,19:16:10 17 Oct 2021
2021-10-15,0,all,49.041857,35.450926,10.346955,3.7443655,19:16:12 17 Oct 2021
2021-10-15,1,all,24.525285,32.476266,26.226977,16.381556,19:16:25 17 Oct 2021
2021-10-14,0,all,49.041857,35.450926,10.346955,3.7443655,09:25:30 14 Oct 2021
2021-10-14,1,all,24.525285,32.476266,26.226977,16.381556,09:25:34 14 Oct 2021
2021-10-13,1,all,24.525285,32.476266,26.226977,16.381556,09:42:06 13 Oct 2021
2021-10-13,0,all,49.041857,35.450926,10.346955,3.7443655,09:41:53 13 Oct 2021
2021-10-12,0,all,49.041857,35.450926,10.346955,3.7443655,09:41:55 13 Oct 2021
2021-10-12,1,all,24.525285,32.476266,26.226977,16.381556,09:42:10 13 Oct 2021
2021-10-11,1,all,24.525285,32.476266,26.226977,16.381556,09:42:15 13 Oct 2021
2021-10-11,0,all,49.041857,35.450926,10.346955,3.7443655,09:41:57 13 Oct 2021
2021-10-10,1,all,24.525285,32.476266,26.226977,16.381556,09:42:19 13 Oct 2021
2021-10-10,0,all,49.041857,35.450926,10.346955,3.7443655,09:41:59 13 Oct 2021
2021-10-09,0,all,49.041857,35.450926,10.346955,3.7443655,09:42:01 13 Oct 2021
2021-10-09,1,all,24.525285,32.476266,26.226977,16.381556,09:42:23 13 Oct 2021
2021-10-08,0,all,49.041857,35.450926,10.346955,3.7443655,14:00:32  8 Oct 2021
2021-10-08,1,all,24.525285,32.476266,26.226977,16.381556,14:00:36  8 Oct 2021
2021-10-07,0,all,49.041857,35.450926,10.346955,3.7443655,12:15:30  7 Oct 2021
2021-10-07,1,all,24.525285,32.476266,26.226977,16.381556,12:15:35  7 Oct 2021
2021-10-06,1,all,24.525285,32.476266,26.226977,16.381556,13:55:33  6 Oct 2021
2021-10-06,0,all,49.041857,35.450926,10.346955,3.7443655,13:55:28  6 Oct 2021
2021-10-05,1,all,24.525285,32.476266,26.226977,16.381556,09:10:34  5 Oct 2021
2021-10-05,0,all,49.041857,35.450926,10.346955,3.7443655,09:10:30  5 Oct 2021
2021-10-04,0,all,49.041857,35.450926,10.346955,3.7443655,13:20:30  4 Oct 2021
2021-10-04,1,all,24.525285,32.476266,26.226977,16.381556,13:20:34  4 Oct 2021
2021-10-03,1,all,24.525285,32.476266,26.226977,16.381556,10:31:45  4 Oct 2021
2021-10-03,0,all,49.041857,35.450926,10.346955,3.7443655,10:31:33  4 Oct 2021
2021-10-02,0,all,49.041857,35.450926,10.346955,3.7443655,10:31:35  4 Oct 2021
2021-10-02,1,all,24.525285,32.476266,26.226977,16.381556,10:31:50  4 Oct 2021
2021-10-01,0,all,49.041857,35.450926,10.346955,3.7443655,10:31:37  4 Oct 2021
2021-10-01,1,all,24.525285,32.476266,26.226977,16.381556,10:31:54  4 Oct 2021
2021-09-30,0,all,49.041857,35.450926,10.346955,3.7443655,09:00:33 30 Sep 2021
2021-09-30,1,all,24.525285,32.476266,26.226977,16.381556,09:00:37 30 Sep 2021
2021-09-29,0,all,49.041857,35.450926,10.346955,3.7443655,09:40:31 29 Sep 2021
2021-09-29,1,all,24.525285,32.476266,26.226977,16.381556,09:40:35 29 Sep 2021
2021-09-28,1,all,24.525285,32.476266,26.226977,16.381556,08:37:08 29 Sep 2021
2021-09-28,0,all,49.041857,35.450926,10.346955,3.7443655,08:36:53 29 Sep 2021
2021-09-27,1,all,24.525285,32.476266,26.226977,16.381556,08:37:13 29 Sep 2021
2021-09-27,0,all,49.041857,35.450926,10.346955,3.7443655,08:36:55 29 Sep 2021
2021-09-26,1,all,24.525285,32.476266,26.226977,16.381556,08:37:17 29 Sep 2021
2021-09-26,0,all,49.041857,35.450926,10.346955,3.7443655,08:36:57 29 Sep 2021
2021-09-25,0,all,49.041857,35.450926,10.346955,3.7443655,08:36:59 29 Sep 2021
2021-09-25,1,all,24.525285,32.476266,26.226977,16.381556,08:37:22 29 Sep 2021
2021-09-24,0,all,49.041857,35.450926,10.346955,3.7443655,14:00:33 24 Sep 2021
2021-09-24,1,all,24.525285,32.476266,26.226977,16.381556,14:00:37 24 Sep 2021
2021-09-23,0,all,49.041857,35.450926,10.346955,3.7443655,12:15:29 23 Sep 2021
2021-09-23,1,all,24.525285,32.476266,26.226977,16.381556,12:15:34 23 Sep 2021
2021-09-22,0,all,49.041857,35.450926,10.346955,3.7443655,16:10:31 22 Sep 2021
2021-09-22,1,all,24.525285,32.476266,26.226977,16.381556,16:10:35 22 Sep 2021
2021-09-21,1,all,24.525285,32.476266,26.226977,16.381556,20:55:34 21 Sep 2021
2021-09-21,0,all,49.041857,35.450926,10.346955,3.7443655,20:55:30 21 Sep 2021
2021-09-20,0,all,49.041857,35.450926,10.346955,3.7443655,08:25:52 21 Sep 2021
2021-09-20,1,all,24.525285,32.476266,26.226977,16.381556,08:26:01 21 Sep 2021
2021-09-19,0,all,49.041857,35.450926,10.346955,3.7443655,13:36:10 19 Sep 2021
2021-09-19,1,all,24.525285,32.476266,26.226977,16.381556,13:36:18 19 Sep 2021
2021-09-18,1,all,24.525285,32.476266,26.226977,16.381556,13:36:23 19 Sep 2021
2021-09-18,0,all,49.041857,35.450926,10.346955,3.7443655,13:36:12 19 Sep 2021
2021-09-17,0,all,49.041857,35.450926,10.346955,3.7443655,13:36:14 19 Sep 2021
2021-09-17,1,all,24.525285,32.476266,26.226977,16.381556,13:36:27 19 Sep 2021
2021-09-16,1,all,24.525285,32.476266,26.226977,16.381556,19:05:33 16 Sep 2021
2021-09-16,0,all,49.041857,35.450926,10.346955,3.7443655,19:05:28 16 Sep 2021
2021-09-15,0,all,49.041857,35.450926,10.346955,3.7443655,10:30:29 15 Sep 2021
2021-09-15,1,all,24.525285,32.476266,26.226977,16.381556,10:30:34 15 Sep 2021
2021-09-14,0,all,49.041857,35.450926,10.346955,3.7443655,14:56:51 14 Sep 2021
2021-09-14,1,all,24.525285,32.476266,26.226977,16.381556,14:57:04 14 Sep 2021
2021-09-13,1,all,24.525285,32.476266,26.226977,16.381556,14:57:08 14 Sep 2021
2021-09-13,0,all,49.041857,35.450926,10.346955,3.7443655,14:56:53 14 Sep 2021
2021-09-12,0,all,49.041857,35.450926,10.346955,3.7443655,14:56:55 14 Sep 2021
2021-09-12,1,all,24.525285,32.476266,26.226977,16.381556,14:57:13 14 Sep 2021
2021-09-11,0,all,49.041857,35.450926,10.346955,3.7443655,14:56:57 14 Sep 2021
2021-09-11,1,all,24.525285,32.476266,26.226977,16.381556,14:57:17 14 Sep 2021
2021-09-10,0,all,49.041857,35.450926,10.346955,3.7443655,14:56:59 14 Sep 2021
2021-09-10,1,all,24.525285,32.476266,26.226977,16.381556,14:57:22 14 Sep 2021
2021-09-09,0,all,49.041857,35.450926,10.346955,3.7443655,12:10:29  9 Sep 2021
2021-09-09,1,all,24.525285,32.476266,26.226977,16.381556,12:10:33  9 Sep 2021
2021-09-08,0,all,49.041857,35.450926,10.346955,3.7443655,09:20:28  8 Sep 2021
2021-09-08,1,all,24.525285,32.476266,26.226977,16.381556,09:20:32  8 Sep 2021
2021-09-07,1,all,24.525285,32.476266,26.226977,16.381556,13:10:55  7 Sep 2021
2021-09-07,0,all,49.041857,35.450926,10.346955,3.7443655,13:10:49  7 Sep 2021
2021-09-06,1,all,24.525285,32.476266,26.226977,16.381556,13:10:59  7 Sep 2021
2021-09-06,0,all,49.041857,35.450926,10.346955,3.7443655,13:10:51  7 Sep 2021
2021-09-05,1,all,24.525285,32.476266,26.226977,16.381556,08:10:54  5 Sep 2021
2021-09-05,0,all,49.041857,35.450926,10.346955,3.7443655,08:10:48  5 Sep 2021
2021-09-04,0,all,49.041857,35.450926,10.346955,3.7443655,08:10:50  5 Sep 2021
2021-09-04,1,all,24.525285,32.476266,26.226977,16.381556,08:10:58  5 Sep 2021
2021-09-03,0,all,49.041857,35.450926,10.346955,3.7443655,16:25:48  3 Sep 2021
2021-09-03,1,all,24.525285,32.476266,26.226977,16.381556,16:25:54  3 Sep 2021
2021-09-02,0,all,49.041857,35.450926,10.346955,3.7443655,16:25:50  3 Sep 2021
2021-09-02,1,all,24.525285,32.476266,26.226977,16.381556,16:25:59  3 Sep 2021
2021-09-01,1,all,24.525285,32.476266,26.226977,16.381556,09:25:33  1 Sep 2021
2021-09-01,0,all,49.041857,35.450926,10.346955,3.7443655,09:25:29  1 Sep 2021
2021-08-31,0,all,49.041857,35.450926,10.346955,3.7443655,19:35:29 31 Aug 2021
2021-08-31,1,all,24.525285,32.476266,26.226977,16.381556,19:35:33 31 Aug 2021
2021-08-30,0,all,49.041857,35.450926,10.346955,3.7443655,08:15:29 30 Aug 2021
2021-08-30,1,all,24.525285,32.476266,26.226977,16.381556,08:15:34 30 Aug 2021
2021-08-29,0,all,49.041857,35.450926,10.346955,3.7443655,08:06:50 30 Aug 2021
2021-08-29,1,all,24.525285,32.476266,26.226977,16.381556,08:07:05 30 Aug 2021
2021-08-28,1,all,24.525285,32.476266,26.226977,16.381556,08:07:09 30 Aug 2021
2021-08-28,0,all,49.041857,35.450926,10.346955,3.7443655,08:06:52 30 Aug 2021
2021-08-27,0,all,49.041857,35.450926,10.346955,3.7443655,08:06:54 30 Aug 2021
2021-08-27,1,all,24.525285,32.476266,26.226977,16.381556,08:07:14 30 Aug 2021
2021-08-26,1,all,24.525285,32.476266,26.226977,16.381556,08:07:18 30 Aug 2021
2021-08-26,0,all,49.041857,35.450926,10.346955,3.7443655,08:06:56 30 Aug 2021
2021-08-25,0,all,49.041857,35.450926,10.346955,3.7443655,10:20:28 25 Aug 2021
2021-08-25,1,all,24.525285,32.476266,26.226977,16.381556,10:20:33 25 Aug 2021
2021-08-24,0,all,49.041857,35.450926,10.346955,3.7443655,19:15:27 24 Aug 2021
2021-08-24,1,all,24.525285,32.476266,26.226977,16.381556,19:15:32 24 Aug 2021
2021-08-23,0,all,49.041857,35.450926,10.346955,3.7443655,15:05:29 23 Aug 2021
2021-08-23,1,all,24.525285,32.476266,26.226977,16.381556,15:05:33 23 Aug 2021
2021-08-22,0,all,49.041857,35.450926,10.346955,3.7443655,09:15:29 22 Aug 2021
2021-08-22,1,all,24.525285,32.476266,26.226977,16.381556,09:15:33 22 Aug 2021
2021-08-21,1,all,24.525285,32.476266,26.226977,16.381556,14:35:34 21 Aug 2021
2021-08-21,0,all,49.041857,35.450926,10.346955,3.7443655,14:35:29 21 Aug 2021
2021-08-20,1,all,24.525285,32.476266,26.226977,16.381556,17:35:34 20 Aug 2021
2021-08-20,0,all,49.041857,35.450926,10.346955,3.7443655,17:35:29 20 Aug 2021
2021-08-19,0,all,49.019588,35.470565,10.351954,3.7238409,08:15:29 19 Aug 2021
2021-08-19,1,all,24.512048,32.383608,26.246701,16.456238,08:15:34 19 Aug 2021
2021-08-18,0,all,49.041857,35.450926,10.346955,3.7443655,09:10:29 18 Aug 2021
2021-08-18,1,all,24.525285,32.476266,26.226977,16.381556,09:10:34 18 Aug 2021
2021-08-17,0,all,49.041857,35.450926,10.346955,3.7443655,08:16:49 18 Aug 2021
2021-08-17,1,all,24.525285,32.476266,26.226977,16.381556,08:17:04 18 Aug 2021
2021-08-16,1,all,24.525285,32.476266,26.226977,16.381556,08:17:08 18 Aug 2021
2021-08-16,0,all,49.041857,35.450926,10.346955,3.7443655,08:16:51 18 Aug 2021
2021-08-15,1,all,24.525285,32.476266,26.226977,16.381556,08:17:13 18 Aug 2021
2021-08-15,0,all,49.041857,35.450926,10.346955,3.7443655,08:16:53 18 Aug 2021
2021-08-14,0,all,49.041857,35.450926,10.346955,3.7443655,08:16:55 18 Aug 2021
2021-08-14,1,all,24.525285,32.476266,26.226977,16.381556,08:17:17 18 Aug 2021
2021-08-13,0,all,49.041857,35.450926,10.346955,3.7443655,14:15:28 13 Aug 2021
2021-08-13,1,all,24.525285,32.476266,26.226977,16.381556,14:15:33 13 Aug 2021
2021-08-12,0,all,49.041857,35.450926,10.346955,3.7443655,19:20:29 12 Aug 2021
2021-08-12,1,all,24.525285,32.476266,26.226977,16.381556,19:20:33 12 Aug 2021
2021-08-11,0,all,49.041857,35.450926,10.346955,3.7443655,18:35:27 11 Aug 2021
2021-08-11,1,all,24.525285,32.476266,26.226977,16.381556,18:35:32 11 Aug 2021
2021-08-10,0,all,49.041857,35.450926,10.346955,3.7443655,20:20:27 10 Aug 2021
2021-08-10,1,all,24.525285,32.476266,26.226977,16.381556,20:20:32 10 Aug 2021
2021-08-09,1,all,24.525285,32.476266,26.226977,16.381556,07:56:42 10 Aug 2021
2021-08-09,0,all,49.041857,35.450926,10.346955,3.7443655,07:56:29 10 Aug 2021
2021-08-08,0,all,49.041857,35.450926,10.346955,3.7443655,07:56:31 10 Aug 2021
2021-08-08,1,all,24.525285,32.476266,26.226977,16.381556,07:56:46 10 Aug 2021
2021-08-07,1,all,24.525285,32.476266,26.226977,16.381556,07:56:50 10 Aug 2021
2021-08-07,0,all,49.041857,35.450926,10.346955,3.7443655,07:56:33 10 Aug 2021
2021-08-06,0,all,49.041857,35.450926,10.346955,3.7443655,20:55:28  6 Aug 2021
2021-08-06,1,all,24.525285,32.476266,26.226977,16.381556,20:55:33  6 Aug 2021
2021-08-05,0,all,49.041857,35.450926,10.346955,3.7443655,08:50:28  5 Aug 2021
2021-08-05,1,all,24.525285,32.476266,26.226977,16.381556,08:50:32  5 Aug 2021
2021-08-04,0,all,49.041857,35.450926,10.346955,3.7443655,14:10:28  4 Aug 2021
2021-08-04,1,all,24.525285,32.476266,26.226977,16.381556,14:10:33  4 Aug 2021
2021-08-03,0,all,49.041857,35.450926,10.346955,3.7443655,08:00:52  4 Aug 2021
2021-08-03,1,all,24.525285,32.476266,26.226977,16.381556,08:01:00  4 Aug 2021
2021-08-02,0,all,49.041857,35.450926,10.346955,3.7443655,10:11:46  2 Aug 2021
2021-08-02,1,all,24.525285,32.476266,26.226977,16.381556,10:11:58  2 Aug 2021
2021-08-01,0,all,49.041857,35.450926,10.346955,3.7443655,10:11:48  2 Aug 2021
2021-08-01,1,all,24.525285,32.476266,26.226977,16.381556,10:12:03  2 Aug 2021
2021-07-31,0,all,49.041857,35.450926,10.346955,3.7443655,10:11:50  2 Aug 2021
2021-07-31,1,all,24.525285,32.476266,26.226977,16.381556,10:12:07  2 Aug 2021
2021-07-30,0,all,49.041857,35.450926,10.346955,3.7443655,10:11:52  2 Aug 2021
2021-07-30,1,all,24.525285,32.476266,26.226977,16.381556,10:12:12  2 Aug 2021
2021-07-29,0,all,49.041857,35.450926,10.346955,3.7443655,10:11:54  2 Aug 2021
2021-07-29,1,all,24.525285,32.476266,26.226977,16.381556,10:12:16  2 Aug 2021
2021-07-28,0,all,49.041857,35.450926,10.346955,3.7443655,11:40:47 28 Jul 2021
2021-07-28,1,all,24.525285,32.476266,26.226977,16.381556,11:40:53 28 Jul 2021
2021-07-27,0,all,49.041857,35.450926,10.346955,3.7443655,11:40:49 28 Jul 2021
2021-07-27,1,all,24.525285,32.476266,26.226977,16.381556,11:40:57 28 Jul 2021
2021-07-26,0,all,49.041857,35.450926,10.346955,3.7443655,17:15:27 26 Jul 2021
2021-07-26,1,all,24.525285,32.476266,26.226977,16.381556,17:15:32 26 Jul 2021
2021-07-25,1,all,24.525285,32.476266,26.226977,16.381556,08:56:20 26 Jul 2021
2021-07-25,0,all,49.041857,35.450926,10.346955,3.7443655,08:56:09 26 Jul 2021
2021-07-24,0,all,49.041857,35.450926,10.346955,3.7443655,08:56:11 26 Jul 2021
2021-07-24,1,all,24.525285,32.476266,26.226977,16.381556,08:56:25 26 Jul 2021
2021-07-23,1,all,24.525285,32.476266,26.226977,16.381556,11:10:32 23 Jul 2021
2021-07-23,0,all,49.041857,35.450926,10.346955,3.7443655,11:10:27 23 Jul 2021
2021-07-22,0,all,49.041857,35.450926,10.346955,3.7443655,09:30:49 23 Jul 2021
2021-07-22,1,all,24.525285,32.476266,26.226977,16.381556,09:30:58 23 Jul 2021
2021-07-21,0,all,49.041857,35.450926,10.346955,3.7443655,21:30:28 21 Jul 2021
2021-07-21,1,all,24.525285,32.476266,26.226977,16.381556,21:30:33 21 Jul 2021
2021-07-20,0,all,49.041857,35.450926,10.346955,3.7443655,10:45:29 20 Jul 2021
2021-07-20,1,all,24.525285,32.476266,26.226977,16.381556,10:45:33 20 Jul 2021
2021-07-19,1,all,24.525285,32.476266,26.226977,16.381556,08:02:27 20 Jul 2021
2021-07-19,0,all,49.041857,35.450926,10.346955,3.7443655,08:02:10 20 Jul 2021
2021-07-18,1,all,24.525285,32.476266,26.226977,16.381556,08:02:32 20 Jul 2021
2021-07-18,0,all,49.041857,35.450926,10.346955,3.7443655,08:02:12 20 Jul 2021
2021-07-17,0,all,49.041857,35.450926,10.346955,3.7443655,08:02:14 20 Jul 2021
2021-07-17,1,all,24.525285,32.476266,26.226977,16.381556,08:02:36 20 Jul 2021
2021-07-16,1,all,24.525285,32.476266,26.226977,16.381556,08:02:41 20 Jul 2021
2021-07-16,0,all,49.041857,35.450926,10.346955,3.7443655,08:02:16 20 Jul 2021
2021-07-15,0,all,49.041857,35.450926,10.346955,3.7443655,08:02:18 20 Jul 2021
2021-07-15,1,all,24.525285,32.476266,26.226977,16.381556,08:02:45 20 Jul 2021
2021-07-14,1,all,24.525285,32.476266,26.226977,16.381556,11:35:55 14 Jul 2021
2021-07-14,0,all,49.041857,35.450926,10.346955,3.7443655,11:35:49 14 Jul 2021
2021-07-13,1,all,24.525285,32.476266,26.226977,16.381556,11:35:59 14 Jul 2021
2021-07-13,0,all,49.041857,35.450926,10.346955,3.7443655,11:35:50 14 Jul 2021
2021-07-12,0,all,49.041857,35.450926,10.346955,3.7443655,20:56:27 12 Jul 2021
2021-07-12,1,all,24.525285,32.476266,26.226977,16.381556,20:56:37 12 Jul 2021
2021-07-11,1,all,24.525285,32.476266,26.226977,16.381556,20:56:42 12 Jul 2021
2021-07-11,0,all,49.041857,35.450926,10.346955,3.7443655,20:56:29 12 Jul 2021
2021-07-10,1,all,24.525285,32.476266,26.226977,16.381556,20:56:46 12 Jul 2021
2021-07-10,0,all,49.041857,35.450926,10.346955,3.7443655,20:56:31 12 Jul 2021
2021-07-09,0,all,49.041857,35.450926,10.346955,3.7443655,20:56:33 12 Jul 2021
2021-07-09,1,all,24.525285,32.476266,26.226977,16.381556,20:56:50 12 Jul 2021
2021-07-08,1,all,24.525285,32.476266,26.226977,16.381556,19:15:33  8 Jul 2021
2021-07-08,0,all,49.041857,35.450926,10.346955,3.7443655,19:15:28  8 Jul 2021
2021-07-07,1,all,24.525285,32.476266,26.226977,16.381556,09:20:31  7 Jul 2021
2021-07-07,0,all,49.041857,35.450926,10.346955,3.7443655,09:20:27  7 Jul 2021
2021-07-06,1,all,24.525285,32.476266,26.226977,16.381556,11:50:54  6 Jul 2021
2021-07-06,0,all,49.041857,35.450926,10.346955,3.7443655,11:50:48  6 Jul 2021
2021-07-05,0,all,49.041857,35.450926,10.346955,3.7443655,11:50:50  6 Jul 2021
2021-07-05,1,all,24.525285,32.476266,26.226977,16.381556,11:50:58  6 Jul 2021
2021-07-04,0,all,49.041857,35.450926,10.346955,3.7443655,12:55:45  4 Jul 2021
2021-07-04,1,all,24.525285,32.476266,26.226977,16.381556,12:55:52  4 Jul 2021
2021-07-03,1,all,24.525285,32.476266,26.226977,16.381556,12:55:56  4 Jul 2021
2021-07-03,0,all,49.041857,35.450926,10.346955,3.7443655,12:55:47  4 Jul 2021
2021-07-02,0,all,49.041857,35.450926,10.346955,3.7443655,07:05:27  2 Jul 2021
2021-07-02,1,all,24.525285,32.476266,26.226977,16.381556,07:05:31  2 Jul 2021
2021-07-01,0,all,49.041857,35.450926,10.346955,3.7443655,08:40:29  1 Jul 2021
2021-07-01,1,all,24.525285,32.476266,26.226977,16.381556,08:40:33  1 Jul 2021
2021-06-30,0,all,49.041857,35.450926,10.346955,3.7443655,09:10:28 30 Jun 2021
2021-06-30,1,all,24.525285,32.476266,26.226977,16.381556,09:10:32 30 Jun 2021
2021-06-29,0,all,49.041857,35.450926,10.346955,3.7443655,21:06:45 29 Jun 2021
2021-06-29,1,all,24.525285,32.476266,26.226977,16.381556,21:06:57 29 Jun 2021
2021-06-28,1,all,24.525285,32.476266,26.226977,16.381556,21:07:01 29 Jun 2021
2021-06-28,0,all,49.041857,35.450926,10.346955,3.7443655,21:06:47 29 Jun 2021
2021-06-27,0,all,49.041857,35.450926,10.346955,3.7443655,21:06:48 29 Jun 2021
2021-06-27,1,all,24.525285,32.476266,26.226977,16.381556,21:07:06 29 Jun 2021
2021-06-26,1,all,24.525285,32.476266,26.226977,16.381556,21:07:10 29 Jun 2021
2021-06-26,0,all,49.041857,35.450926,10.346955,3.7443655,21:06:50 29 Jun 2021
2021-06-25,0,all,49.041857,35.450926,10.346955,3.7443655,21:06:52 29 Jun 2021
2021-06-25,1,all,24.525285,32.476266,26.226977,16.381556,21:07:14 29 Jun 2021
2021-06-24,0,all,49.041857,35.450926,10.346955,3.7443655,10:40:28 24 Jun 2021
2021-06-24,1,all,24.525285,32.476266,26.226977,16.381556,10:40:32 24 Jun 2021
2021-06-23,1,all,24.525285,32.476266,26.226977,16.381556,18:55:31 23 Jun 2021
2021-06-23,0,all,49.041857,35.450926,10.346955,3.7443655,18:55:27 23 Jun 2021
2021-06-22,1,all,24.525285,32.476266,26.226977,16.381556,08:35:31 22 Jun 2021
2021-06-22,0,all,49.041857,35.450926,10.346955,3.7443655,08:35:26 22 Jun 2021
2021-06-21,1,all,24.525285,32.476266,26.226977,16.381556,09:26:34 21 Jun 2021
2021-06-21,0,all,49.041857,35.450926,10.346955,3.7443655,09:26:24 21 Jun 2021
2021-06-20,0,all,49.041857,35.450926,10.346955,3.7443655,09:26:26 21 Jun 2021
2021-06-20,1,all,24.525285,32.476266,26.226977,16.381556,09:26:38 21 Jun 2021
2021-06-19,1,all,24.525285,32.476266,26.226977,16.381556,09:26:43 21 Jun 2021
2021-06-19,0,all,49.041857,35.450926,10.346955,3.7443655,09:26:28 21 Jun 2021
2021-06-18,1,all,24.525285,32.476266,26.226977,16.381556,09:26:47 21 Jun 2021
2021-06-18,0,all,49.041857,35.450926,10.346955,3.7443655,09:26:30 21 Jun 2021
2021-06-17,0,all,49.041857,35.450926,10.346955,3.7443655,21:00:31 17 Jun 2021
2021-06-17,1,all,24.525285,32.476266,26.226977,16.381556,21:00:35 17 Jun 2021
2021-06-16,0,all,49.041857,35.450926,10.346955,3.7443655,09:45:30 16 Jun 2021
2021-06-16,1,all,24.525285,32.476266,26.226977,16.381556,09:45:34 16 Jun 2021
2021-06-15,1,all,24.525285,32.476266,26.226977,16.381556,08:47:02 16 Jun 2021
2021-06-15,0,all,49.041857,35.450926,10.346955,3.7443655,08:46:47 16 Jun 2021
2021-06-14,0,all,49.041857,35.450926,10.346955,3.7443655,08:46:49 16 Jun 2021
2021-06-14,1,all,24.525285,32.476266,26.226977,16.381556,08:47:07 16 Jun 2021
2021-06-13,1,all,24.525285,32.476266,26.226977,16.381556,08:47:11 16 Jun 2021
2021-06-13,0,all,49.041857,35.450926,10.346955,3.7443655,08:46:51 16 Jun 2021
2021-06-12,0,all,49.041857,35.450926,10.346955,3.7443655,08:46:53 16 Jun 2021
2021-06-12,1,all,24.525285,32.476266,26.226977,16.381556,08:47:16 16 Jun 2021
2021-06-11,1,all,24.525285,32.476266,26.226977,16.381556,23:05:53 11 Jun 2021
2021-06-11,0,all,49.041857,35.450926,10.346955,3.7443655,23:05:47 11 Jun 2021
2021-06-10,0,all,49.041857,35.450926,10.346955,3.7443655,23:05:49 11 Jun 2021
2021-06-10,1,all,24.525285,32.476266,26.226977,16.381556,23:05:58 11 Jun 2021
2021-06-09,0,all,49.041857,35.450926,10.346955,3.7443655,11:42:24  9 Jun 2021
2021-06-09,1,all,24.525285,32.476266,26.226977,16.381556,11:42:40  9 Jun 2021
2021-06-08,1,all,24.525285,32.476266,26.226977,16.381556,11:42:45  9 Jun 2021
2021-06-08,0,all,49.041857,35.450926,10.346955,3.7443655,11:42:26  9 Jun 2021
2021-06-07,1,all,24.525285,32.476266,26.226977,16.381556,11:42:49  9 Jun 2021
2021-06-07,0,all,49.041857,35.450926,10.346955,3.7443655,11:42:28  9 Jun 2021
2021-06-06,1,all,24.525285,32.476266,26.226977,16.381556,11:42:54  9 Jun 2021
2021-06-06,0,all,49.041857,35.450926,10.346955,3.7443655,11:42:30  9 Jun 2021
2021-06-05,0,all,49.041857,35.450926,10.346955,3.7443655,11:42:32  9 Jun 2021
2021-06-05,1,all,24.525285,32.476266,26.226977,16.381556,11:42:58  9 Jun 2021
2021-06-04,1,all,24.525285,32.476266,26.226977,16.381556,11:43:03  9 Jun 2021
2021-06-04,0,all,49.041857,35.450926,10.346955,3.7443655,11:42:34  9 Jun 2021
2021-06-03,0,all,49.041857,35.450926,10.346955,3.7443655,11:42:36  9 Jun 2021
2021-06-03,1,all,24.525285,32.476266,26.226977,16.381556,11:43:07  9 Jun 2021
2021-06-02,0,all,49.041857,35.450926,10.346955,3.7443655,09:30:46  2 Jun 2021
2021-06-02,1,all,24.525285,32.476266,26.226977,16.381556,09:30:52  2 Jun 2021
2021-06-01,1,all,24.525285,32.476266,26.226977,16.381556,09:30:56  2 Jun 2021
2021-06-01,0,all,49.041857,35.450926,10.346955,3.7443655,09:30:47  2 Jun 2021
2021-05-31,1,all,24.525285,32.476266,26.226977,16.381556,23:26:14 31 May 2021
2021-05-31,0,all,49.041857,35.450926,10.346955,3.7443655,23:26:06 31 May 2021
2021-05-30,0,all,49.041857,35.450926,10.346955,3.7443655,23:26:08 31 May 2021
2021-05-30,1,all,24.525285,32.476266,26.226977,16.381556,23:26:19 31 May 2021
2021-05-29,0,all,49.041857,35.450926,10.346955,3.7443655,23:26:10 31 May 2021
2021-05-29,1,all,24.525285,32.476266,26.226977,16.381556,23:26:23 31 May 2021
2021-05-28,1,all,24.525285,32.476266,26.226977,16.381556,13:50:32 28 May 2021
2021-05-28,0,all,49.041857,35.450926,10.346955,3.7443655,13:50:28 28 May 2021
2021-05-27,0,all,49.041857,35.450926,10.346955,3.7443655,07:40:48 28 May 2021
2021-05-27,1,all,24.525285,32.476266,26.226977,16.381556,07:40:57 28 May 2021
2021-05-26,0,all,49.041857,35.450926,10.346955,3.7443655,21:20:28 26 May 2021
2021-05-26,1,all,24.525285,32.476266,26.226977,16.381556,21:20:32 26 May 2021
2021-05-25,1,all,24.52529,32.47626,26.22698,16.38156,10:53:18 25 May 2021
2021-05-25,0,all,49.04186,35.45092,10.34696,3.744366,10:53:08 25 May 2021
2021-05-24,1,all,24.52529,32.47626,26.22698,16.38156,10:53:22 25 May 2021
2021-05-24,0,all,49.04186,35.45092,10.34696,3.744366,10:53:10 25 May 2021
2021-05-23,1,all,24.52529,32.47626,26.22698,16.38156,10:53:27 25 May 2021
2021-05-23,0,all,49.04186,35.45092,10.34696,3.744366,10:53:12 25 May 2021
2021-05-22,0,all,49.04186,35.45092,10.34696,3.744366,10:53:14 25 May 2021
2021-05-22,1,all,24.52529,32.47626,26.22698,16.38156,10:53:31 25 May 2021
2021-05-21,0,all,49.041857,35.450926,10.346955,3.7443655,21:05:24 21 May 2021
2021-05-21,1,all,24.435768,32.397186,26.071985,16.465077,21:05:27 21 May 2021
2021-05-20,0,all,49.041857,35.450926,10.346955,3.7443655,12:15:43 21 May 2021
2021-05-20,1,all,24.435768,32.397186,26.071985,16.465077,12:15:50 21 May 2021
2021-05-19,1,all,24.435768,32.397186,26.071985,16.465077,21:05:28 19 May 2021
2021-05-19,0,all,49.041857,35.450926,10.346955,3.7443655,21:05:24 19 May 2021
2021-05-18,0,all,49.041857,35.450926,10.346955,3.7443655,08:05:41 19 May 2021
2021-05-18,1,all,24.435768,32.397186,26.071985,16.465077,08:05:48 19 May 2021
2021-05-17,0,all,49.041857,35.450926,10.346955,3.7443655,18:15:25 17 May 2021
2021-05-17,1,all,24.435768,32.397186,26.071985,16.465077,18:15:28 17 May 2021
2021-05-16,1,all,24.435768,32.397186,26.071985,16.465077,08:56:28 17 May 2021
2021-05-16,0,all,49.041857,35.450926,10.346955,3.7443655,08:56:17 17 May 2021
2021-05-15,1,all,24.435768,32.397186,26.071985,16.465077,08:56:32 17 May 2021
2021-05-15,0,all,49.041857,35.450926,10.346955,3.7443655,08:56:19 17 May 2021
2021-05-14,1,all,24.435768,32.397186,26.071985,16.465077,08:56:35 17 May 2021
2021-05-14,0,all,49.041857,35.450926,10.346955,3.7443655,08:56:20 17 May 2021
2021-05-13,0,all,49.041857,35.450926,10.346955,3.7443655,09:00:26 13 May 2021
2021-05-13,1,all,24.435768,32.397186,26.071985,16.465077,09:00:30 13 May 2021
2021-05-12,0,all,49.041857,35.450926,10.346955,3.7443655,09:05:25 12 May 2021
2021-05-12,1,all,24.435768,32.397186,26.071985,16.465077,09:05:29 12 May 2021
2021-05-11,0,all,49.041857,35.450926,10.346955,3.7443655,08:40:43 12 May 2021
2021-05-11,1,all,24.435768,32.397186,26.071985,16.465077,08:40:50 12 May 2021
2021-05-10,0,all,49.041857,35.450926,10.346955,3.7443655,09:10:58 10 May 2021
2021-05-10,1,all,24.435768,32.397186,26.071985,16.465077,09:11:05 10 May 2021
2021-05-09,0,all,49.041857,35.450926,10.346955,3.7443655,09:11:00 10 May 2021
2021-05-09,1,all,24.435768,32.397186,26.071985,16.465077,09:11:09 10 May 2021
2021-05-08,0,all,49.041857,35.450926,10.346955,3.7443655,09:11:01 10 May 2021
2021-05-08,1,all,24.435768,32.397186,26.071985,16.465077,09:11:12 10 May 2021
2021-05-07,0,all,49.041857,35.450926,10.346955,3.7443655,21:30:26  7 May 2021
2021-05-07,1,all,24.435768,32.397186,26.071985,16.465077,21:30:30  7 May 2021
2021-05-06,0,all,49.041857,35.450926,10.346955,3.7443655,14:10:43  7 May 2021
2021-05-06,1,all,24.435768,32.397186,26.071985,16.465077,14:10:50  7 May 2021
2021-05-05,0,all,49.041857,35.450926,10.346955,3.7443655,10:16:21  5 May 2021
2021-05-05,1,all,24.435768,32.397186,26.071985,16.465077,10:16:32  5 May 2021
2021-05-04,1,all,24.435768,32.397186,26.071985,16.465077,10:16:36  5 May 2021
2021-05-04,0,all,49.041857,35.450926,10.346955,3.7443655,10:16:23  5 May 2021
2021-05-03,1,all,24.435768,32.397186,26.071985,16.465077,10:16:40  5 May 2021
2021-05-03,0,all,49.041857,35.450926,10.346955,3.7443655,10:16:25  5 May 2021
2021-05-02,0,all,49.041857,35.450926,10.346955,3.7443655,10:16:28  5 May 2021
2021-05-02,1,all,24.435768,32.397186,26.071985,16.465077,10:16:44  5 May 2021
2021-05-01,0,all,49.041857,35.450926,10.346955,3.7443655,20:20:25  1 May 2021
2021-05-01,1,all,24.435768,32.397186,26.071985,16.465077,20:20:29  1 May 2021
2021-04-30,0,all,49.041857,35.450926,10.346955,3.7443655,16:55:30 30 Apr 2021
2021-04-30,1,all,24.435768,32.397186,26.071985,16.465077,16:55:34 30 Apr 2021
2021-04-29,1,all,24.435768,32.397186,26.071985,16.465077,10:40:55 30 Apr 2021
2021-04-29,0,all,49.041857,35.450926,10.346955,3.7443655,10:40:47 30 Apr 2021
2021-04-28,0,all,49.041857,35.450926,10.346955,3.7443655,12:55:26 28 Apr 2021
2021-04-28,1,all,24.435768,32.397186,26.071985,16.465077,12:55:30 28 Apr 2021
2021-04-27,1,all,24.435768,32.397186,26.071985,16.465077,09:35:51 27 Apr 2021
2021-04-27,0,all,49.041857,35.450926,10.346955,3.7443655,09:35:45 27 Apr 2021
2021-04-26,0,all,49.041857,35.450926,10.346955,3.7443655,09:35:47 27 Apr 2021
2021-04-26,1,all,24.435768,32.397186,26.071985,16.465077,09:35:55 27 Apr 2021
2021-04-25,0,all,49.041857,35.450926,10.346955,3.7443655,12:55:25 25 Apr 2021
2021-04-25,1,all,24.435768,32.397186,26.071985,16.465077,12:55:30 25 Apr 2021
2021-04-24,0,all,49.041857,35.450926,10.346955,3.7443655,12:36:04 25 Apr 2021
2021-04-24,1,all,24.435768,32.397186,26.071985,16.465077,12:36:14 25 Apr 2021
2021-04-23,0,all,49.041857,35.450926,10.346955,3.7443655,12:36:06 25 Apr 2021
2021-04-23,1,all,24.435768,32.397186,26.071985,16.465077,12:36:18 25 Apr 2021
2021-04-22,0,all,49.041857,35.450926,10.346955,3.7443655,13:22:47 22 Apr 2021
2021-04-22,1,all,24.435768,32.397186,26.071985,16.465077,13:22:51 22 Apr 2021
2021-04-21,0,all,49.041857,35.450926,10.346955,3.7443655,10:20:26 21 Apr 2021
2021-04-21,1,all,24.737899,31.955718,25.973298,16.694518,10:20:30 21 Apr 2021
2021-04-20,1,all,24.83218,32.52496,25.532941,16.698211,09:16:31 20 Apr 2021
2021-04-20,0,all,49.041857,35.450926,10.346955,3.7443655,09:16:20 20 Apr 2021
2021-04-19,0,all,49.041857,35.450926,10.346955,3.7443655,09:16:22 20 Apr 2021
2021-04-19,1,all,24.83218,32.52496,25.532941,16.698211,09:16:35 20 Apr 2021
2021-04-18,0,all,49.041857,35.450926,10.346955,3.7443655,09:16:24 20 Apr 2021
2021-04-18,1,all,24.83218,32.52496,25.532941,16.698211,09:16:39 20 Apr 2021
2021-04-17,0,all,49.041857,35.450926,10.346955,3.7443655,09:16:26 20 Apr 2021
2021-04-17,1,all,24.83218,32.52496,25.532941,16.698211,09:16:43 20 Apr 2021
2021-04-16,0,all,49.041857,35.450926,10.346955,3.7443655,15:55:25 16 Apr 2021
2021-04-16,1,all,24.83218,32.52496,25.532941,16.698211,15:55:29 16 Apr 2021
2021-04-15,0,all,49.041857,35.450926,10.346955,3.7443655,08:50:45 16 Apr 2021
2021-04-15,1,all,25.800138,32.476008,25.875501,16.216197,08:50:53 16 Apr 2021
2021-04-14,1,all,25.800138,32.476008,25.875501,16.216197,14:05:29 14 Apr 2021
2021-04-14,0,all,49.041857,35.450926,10.346955,3.7443655,14:05:25 14 Apr 2021
2021-04-13,0,all,49.041857,35.450926,10.346955,3.7443655,09:10:26 13 Apr 2021
2021-04-13,1,all,26.729899,32.607539,25.795315,15.634403,09:10:30 13 Apr 2021
2021-04-12,0,all,49.041857,35.450926,10.346955,3.7443655,10:15:28 12 Apr 2021
2021-04-12,1,all,27.248806,33.029675,26.001206,15.276981,10:15:32 12 Apr 2021
2021-04-11,0,all,49.041857,35.450926,10.346955,3.7443655,16:35:54 11 Apr 2021
2021-04-11,1,all,27.248806,33.029675,26.001206,15.276981,16:36:00 11 Apr 2021
2021-04-10,0,all,49.041857,35.450926,10.346955,3.7443655,16:35:56 11 Apr 2021
2021-04-10,1,all,27.248806,33.029675,26.001206,15.276981,16:36:04 11 Apr 2021
2021-04-09,1,all,27.248806,33.029675,26.001206,15.276981,15:25:29  9 Apr 2021
2021-04-09,0,all,49.041857,35.450926,10.346955,3.7443655,15:25:25  9 Apr 2021
2021-04-08,1,all,27.248806,33.029675,26.001206,15.276981,08:50:30  8 Apr 2021
2021-04-08,0,all,49.041857,35.450926,10.346955,3.7443655,08:50:26  8 Apr 2021
2021-04-07,0,all,49.041857,35.450926,10.346955,3.7443655,09:35:24  7 Apr 2021
2021-04-07,1,all,28.263292,32.945067,26.056097,14.741654,09:35:28  7 Apr 2021
2021-04-06,0,all,49.041857,35.450926,10.346955,3.7443655,03:25:28  6 Apr 2021
2021-04-06,1,all,29.318981,33.541358,25.529135,14.122959,03:25:32  6 Apr 2021
2021-04-05,0,all,50.252823,34.586184,10.176086,3.5961478,08:26:00  5 Apr 2021
2021-04-05,1,all,29.937958,33.461425,24.923678,13.236286,08:26:08  5 Apr 2021
2021-04-04,0,all,50.252823,34.586184,10.176086,3.5961478,08:26:02  5 Apr 2021
2021-04-04,1,all,29.937958,33.461425,24.923678,13.236286,08:26:12  5 Apr 2021
2021-04-03,1,all,29.937958,33.461425,24.923678,13.236286,08:26:16  5 Apr 2021
2021-04-03,0,all,50.252823,34.586184,10.176086,3.5961478,08:26:04  5 Apr 2021
2021-04-02,0,all,50.252823,34.586184,10.176086,3.5961478,15:00:28  2 Apr 2021
2021-04-02,1,all,29.937958,33.461425,24.923678,13.236286,15:00:32  2 Apr 2021
2021-04-01,0,all,50.252823,34.586184,10.176086,3.5961478,10:40:27  1 Apr 2021
2021-04-01,1,all,29.840412,33.348864,25.098309,14.367375,10:40:31  1 Apr 2021
2021-03-31,0,all,50.252823,34.586184,10.176086,3.5961478,19:35:26 31 Mar 2021
2021-03-31,1,all,29.840412,33.348864,25.098309,14.367375,19:35:30 31 Mar 2021
2021-03-30,1,all,31.688832,33.560226,24.183194,13.742644,16:25:29 30 Mar 2021
2021-03-30,0,all,50.252823,34.586184,10.176086,3.5961478,16:25:25 30 Mar 2021
2021-03-29,0,all,50.252823,34.586184,10.176086,3.5961478,16:25:25 29 Mar 2021
2021-03-29,1,all,28.914332,33.781769,22.04431,13.375835,16:25:29 29 Mar 2021
2021-03-28,0,all,50.252823,34.586184,10.176086,3.5961478,14:35:25 28 Mar 2021
2021-03-28,1,all,28.914332,33.781769,22.04431,13.375835,14:35:29 28 Mar 2021
2021-03-27,0,all,50.252823,34.586184,10.176086,3.5961478,12:50:46 28 Mar 2021
2021-03-27,1,all,28.914332,33.781769,22.04431,13.375835,12:50:54 28 Mar 2021
2021-03-26,0,all,50.252823,34.586184,10.176086,3.5961478,16:50:24 26 Mar 2021
2021-03-26,1,all,28.914332,33.781769,22.04431,13.375835,16:50:28 26 Mar 2021
2021-03-25,1,all,29.54578,34.076648,20.727562,13.259885,21:30:30 25 Mar 2021
2021-03-25,0,all,50.252823,34.586184,10.176086,3.5961478,21:30:26 25 Mar 2021
2021-03-24,0,all,50.252823,34.586184,10.176086,3.5961478,13:20:24 24 Mar 2021
2021-03-24,1,all,29.54578,34.076648,20.727562,13.259885,13:20:28 24 Mar 2021
2021-03-23,0,all,50.252823,34.586184,10.176086,3.5961478,10:45:45 24 Mar 2021
2021-03-23,1,all,30.339769,34.397121,19.967036,12.916209,10:45:53 24 Mar 2021
2021-03-22,0,all,50.252823,34.586184,10.176086,3.5961478,09:46:01 22 Mar 2021
2021-03-22,1,all,30.339769,34.397121,19.967036,12.916209,09:46:09 22 Mar 2021
2021-03-21,0,all,50.252823,34.586184,10.176086,3.5961478,09:46:03 22 Mar 2021
2021-03-21,1,all,30.339769,34.397121,19.967036,12.916209,09:46:13 22 Mar 2021
2021-03-20,1,all,30.339769,34.397121,19.967036,12.916209,09:46:17 22 Mar 2021
2021-03-20,0,all,50.252823,34.586184,10.176086,3.5961478,09:46:05 22 Mar 2021
2021-03-19,1,all,30.339769,34.397121,19.967036,12.916209,12:50:29 19 Mar 2021
2021-03-19,0,all,50.252823,34.586184,10.176086,3.5961478,12:50:25 19 Mar 2021
2021-03-18,0,all,50.252823,34.586184,10.176086,3.5961478,08:50:25 18 Mar 2021
2021-03-18,1,all,30.339769,34.397121,19.967036,12.916209,08:50:29 18 Mar 2021
2021-03-17,0,all,50.252823,34.586184,10.176086,3.5961478,16:55:25 17 Mar 2021
2021-03-17,1,all,30.339769,34.397121,19.967036,12.916209,16:55:29 17 Mar 2021
2021-03-16,0,all,51.769671,33.272221,9.996216,3.5326549,10:20:27 16 Mar 2021
2021-03-16,1,all,30.339769,34.397121,19.967036,12.916209,10:20:31 16 Mar 2021
2021-03-15,0,all,51.769671,33.272221,9.996216,3.5326549,11:10:26 15 Mar 2021
2021-03-15,1,all,30.756984,34.284745,20.004618,12.760574,11:10:29 15 Mar 2021
2021-03-14,0,all,51.769671,33.272221,9.996216,3.5326549,03:55:49 14 Mar 2021
2021-03-14,1,all,30.075821,33.849941,20.390242,13.377933,03:55:59 14 Mar 2021
2021-03-13,0,all,51.769671,33.272221,9.996216,3.5326549,03:55:53 14 Mar 2021
2021-03-13,1,all,30.075821,33.849941,20.390242,13.377933,03:56:06 14 Mar 2021
2021-03-12,0,all,51.769671,33.272221,9.996216,3.5326549,22:55:24 12 Mar 2021
2021-03-12,1,all,30.075821,33.849941,20.390242,13.377933,22:55:28 12 Mar 2021
2021-03-11,0,all,51.769671,33.272221,9.996216,3.5326549,13:00:28 11 Mar 2021
2021-03-11,1,all,30.075821,33.849941,20.390242,13.377933,13:00:32 11 Mar 2021
2021-03-10,1,all,30.902468,33.06652,19.440202,14.058939,11:30:30 10 Mar 2021
2021-03-10,0,all,51.769671,33.272221,9.996216,3.5326549,11:30:27 10 Mar 2021
2021-03-09,0,all,51.769671,33.272221,9.996216,3.5326549,21:50:25  9 Mar 2021
2021-03-09,1,all,31.509357,33.032576,19.105806,13.663153,21:50:28  9 Mar 2021
2021-03-08,0,all,52.523173,32.709072,10.052056,3.4671053,12:40:29  8 Mar 2021
2021-03-08,1,all,31.509357,33.032576,19.105806,13.663153,12:40:32  8 Mar 2021
2021-03-07,1,all,31.455429,33.286046,19.675433,12.936112,09:36:12  8 Mar 2021
2021-03-07,0,all,52.523173,32.709072,10.052056,3.4671053,09:36:03  8 Mar 2021
2021-03-06,0,all,52.523173,32.709072,10.052056,3.4671053,09:36:05  8 Mar 2021
2021-03-06,1,all,31.455429,33.286046,19.675433,12.936112,09:36:16  8 Mar 2021
2021-03-05,1,all,32.541985,31.945808,19.320705,13.239396,19:55:28  5 Mar 2021
2021-03-05,0,all,52.523173,32.709072,10.052056,3.4671053,19:55:25  5 Mar 2021
2021-03-04,0,all,52.523173,32.709072,10.052056,3.4671053,09:00:27  4 Mar 2021
2021-03-04,1,all,33.342586,31.720654,18.854171,13.061595,09:00:30  4 Mar 2021
2021-03-03,0,all,52.523173,32.709072,10.052056,3.4671053,10:50:27  3 Mar 2021
2021-03-03,1,all,33.342586,31.720654,18.854171,13.061595,10:50:31  3 Mar 2021
2021-03-02,0,all,52.523173,32.709072,10.052056,3.4671053,20:15:25  2 Mar 2021
2021-03-02,1,all,34.181216,31.596074,18.306095,12.667115,20:15:29  2 Mar 2021
2021-03-01,1,all,34.633878,31.29518,18.093992,12.120721,09:51:34  2 Mar 2021
2021-03-01,0,all,53.713719,31.99723,9.8763236,3.1481628,09:51:23  2 Mar 2021
2021-02-28,0,all,53.713719,31.99723,9.8763236,3.1481628,09:51:25  2 Mar 2021
2021-02-28,1,all,34.633878,31.29518,18.093992,12.120721,09:51:38  2 Mar 2021
2021-02-27,0,all,53.713719,31.99723,9.8763236,3.1481628,09:51:27  2 Mar 2021
2021-02-27,1,all,34.633878,31.29518,18.093992,12.120721,09:51:42  2 Mar 2021
2021-02-26,1,all,34.633878,31.29518,18.093992,12.120721,15:10:47 26 Feb 2021
2021-02-26,0,all,53.713719,31.99723,9.8763236,3.1481628,15:10:42 26 Feb 2021
2021-02-25,0,all,53.713719,31.99723,9.8763236,3.1481628,15:10:44 26 Feb 2021
2021-02-25,1,all,34.633878,31.29518,18.093992,12.120721,15:10:51 26 Feb 2021
2021-02-24,0,all,53.713719,31.99723,9.8763236,3.1481628,09:20:26 24 Feb 2021
2021-02-24,1,all,34.633878,31.29518,18.093992,12.120721,09:20:30 24 Feb 2021
2021-02-23,1,all,34.633878,31.29518,18.093992,12.120721,10:05:29 23 Feb 2021
2021-02-23,0,all,54.630057,31.177142,9.6663572,3.2393815,10:05:26 23 Feb 2021
2021-02-22,0,all,54.630057,31.177142,9.6663572,3.2393815,19:55:24 22 Feb 2021
2021-02-22,1,all,35.393714,31.199256,17.643781,11.684225,19:55:28 22 Feb 2021
2021-02-21,1,all,35.393714,31.199256,17.643781,11.684225,09:36:12 22 Feb 2021
2021-02-21,0,all,54.630057,31.177142,9.6663572,3.2393815,09:36:03 22 Feb 2021
2021-02-20,0,all,54.630057,31.177142,9.6663572,3.2393815,09:36:04 22 Feb 2021
2021-02-20,1,all,35.393714,31.199256,17.643781,11.684225,09:36:16 22 Feb 2021
2021-02-19,0,all,54.630057,31.177142,9.6663572,3.2393815,13:50:24 19 Feb 2021
2021-02-19,1,all,35.026412,31.240102,18.12071,11.838155,13:50:28 19 Feb 2021
2021-02-18,1,all,35.026412,31.240102,18.12071,11.838155,05:55:51 19 Feb 2021
2021-02-18,0,all,54.630057,31.177142,9.6663572,3.2393815,05:55:44 19 Feb 2021
2021-02-17,1,all,35.026412,31.240102,18.12071,11.838155,12:25:29 17 Feb 2021
2021-02-17,0,all,54.630057,31.177142,9.6663572,3.2393815,12:25:25 17 Feb 2021
2021-02-16,0,all,55.871775,30.043259,9.4221348,3.3689289,09:45:27 16 Feb 2021
2021-02-16,1,all,35.777534,30.880042,17.771817,11.440077,09:45:31 16 Feb 2021
2021-02-15,1,all,36.24143,30.75494,17.88863,11.3723,17:32:30 15 Feb 2021
2021-02-15,0,all,55.87178,30.04326,9.422134,3.368929,17:32:24 15 Feb 2021
2021-02-14,0,all,55.87178,30.04326,9.422134,3.368929,17:32:25 15 Feb 2021
2021-02-14,1,all,36.24143,30.75494,17.88863,11.3723,17:32:33 15 Feb 2021
2021-02-13,1,all,36.24143,30.75494,17.88863,11.3723,17:32:35 15 Feb 2021
2021-02-13,0,all,55.87178,30.04326,9.422134,3.368929,17:32:27 15 Feb 2021
2021-02-12,0,all,55.87178,30.04326,9.422134,3.368929,10:56:33 12 Feb 2021
2021-02-12,1,all,36.24143,30.75494,17.88863,11.3723,10:56:38 12 Feb 2021
2021-02-11,0,all,55.87178,30.04326,9.422134,3.368929,10:56:35 12 Feb 2021
2021-02-11,1,all,36.24143,30.75494,17.88863,11.3723,10:56:41 12 Feb 2021
2021-02-10,0,all,55.87178,30.04326,9.422134,3.368929,14:13:53 10 Feb 2021
2021-02-10,1,all,37.1356,30.24148,17.65797,11.71829,14:13:55 10 Feb 2021
2021-02-09,0,all,55.87178,30.04326,9.422134,3.368929,13:59:30 10 Feb 2021
2021-02-09,1,all,37.1356,30.24148,17.65797,11.71829,13:59:36 10 Feb 2021
2021-02-08,0,all,56.50285,29.56605,9.333455,3.282093,11:12:46  8 Feb 2021
2021-02-08,1,all,37.6329,30.20602,17.23918,11.35863,11:13:25  8 Feb 2021
2021-02-07,1,all,37.6329,30.20602,17.23918,11.35863,11:13:29  8 Feb 2021
2021-02-07,0,all,56.50285,29.56605,9.333455,3.282093,11:12:48  8 Feb 2021
2021-02-06,1,all,37.6329,30.20602,17.23918,11.35863,11:13:32  8 Feb 2021
2021-02-06,0,all,56.50285,29.56605,9.333455,3.282093,11:12:50  8 Feb 2021
2021-02-05,0,all,56.50285,29.56605,9.333455,3.282093,11:12:52  8 Feb 2021
2021-02-05,1,all,37.6329,30.20602,17.23918,11.35863,11:13:36  8 Feb 2021
2021-02-04,1,all,37.6329,30.20602,17.23918,11.35863,11:13:39  8 Feb 2021
2021-02-04,0,all,56.50285,29.56605,9.333455,3.282093,11:12:54  8 Feb 2021
2021-02-03,0,all,56.50285,29.56605,9.333455,3.282093,11:12:56  8 Feb 2021
2021-02-03,1,all,37.6329,30.20602,17.23918,11.35863,11:13:43  8 Feb 2021
2021-02-02,0,all,56.50285,29.56605,9.333455,3.282093,11:12:58  8 Feb 2021
2021-02-02,1,all,37.6329,30.20602,17.23918,11.35863,11:13:46  8 Feb 2021
2021-02-01,0,all,56.50285,29.56605,9.333455,3.282093,11:13:00  8 Feb 2021
2021-02-01,1,all,38.90158,30.00416,15.97313,11.33436,11:13:50  8 Feb 2021
2021-01-31,0,all,56.50285,29.56605,9.333455,3.282093,11:13:02  8 Feb 2021
2021-01-31,1,all,38.90158,30.00416,15.97313,11.33436,11:13:53  8 Feb 2021
2021-01-30,1,all,39.2913,30.07139,15.79927,11.32896,11:13:57  8 Feb 2021
2021-01-30,0,all,56.50718,29.50265,9.483481,3.170912,11:13:04  8 Feb 2021
2021-01-29,0,all,56.50718,29.50265,9.483481,3.170912,11:13:06  8 Feb 2021
2021-01-29,1,all,39.2913,30.07139,15.79927,11.32896,11:14:00  8 Feb 2021
2021-01-28,1,all,39.2913,30.07139,15.79927,11.32896,11:14:04  8 Feb 2021
2021-01-28,0,all,56.50718,29.50265,9.483481,3.170912,11:13:08  8 Feb 2021
2021-01-27,0,all,56.50718,29.50265,9.483481,3.170912,11:13:10  8 Feb 2021
2021-01-27,1,all,39.2913,30.07139,15.79927,11.32896,11:14:07  8 Feb 2021
2021-01-26,1,all,39.2913,30.07139,15.79927,11.32896,11:14:11  8 Feb 2021
2021-01-26,0,all,56.50718,29.50265,9.483481,3.170912,11:13:12  8 Feb 2021
2021-01-25,1,all,38.38408,30.50453,15.50587,11.486,11:14:14  8 Feb 2021
2021-01-25,0,all,56.50718,29.50265,9.483481,3.170912,11:13:14  8 Feb 2021
2021-01-24,0,all,56.28639,29.60545,9.402666,3.313658,11:13:16  8 Feb 2021
2021-01-24,1,all,38.38408,30.50453,15.50587,11.486,11:14:18  8 Feb 2021
2021-01-23,0,all,56.28639,29.60545,9.402666,3.313658,11:13:18  8 Feb 2021
2021-01-23,1,all,32.95466,33.35088,16.03193,13.21758,11:14:21  8 Feb 2021
2021-01-22,1,all,32.95466,33.35088,16.03193,13.21758,11:14:25  8 Feb 2021
2021-01-22,0,all,56.28639,29.60545,9.402666,3.313658,11:13:20  8 Feb 2021
2021-01-21,0,all,56.28639,29.60545,9.402666,3.313658,11:13:22  8 Feb 2021
2021-01-21,1,all,32.95466,33.35088,16.03193,13.21758,11:14:28  8 Feb 2021
2021-01-20,0,all,54.053241,31.523525,9.4046212,3.4017311,10:30:26 20 Jan 2021
2021-01-20,1,all,32.988246,33.328406,16.013381,13.200461,10:30:29 20 Jan 2021
2021-01-19,1,all,33.719952,32.983234,15.96778,12.901718,09:50:30 19 Jan 2021
2021-01-19,0,all,54.053241,31.523525,9.4046212,3.4017311,09:50:26 19 Jan 2021
2021-01-18,1,all,34.294461,34.292022,17.683514,11.871566,08:35:49 19 Jan 2021
2021-01-18,0,all,54.053241,31.523525,9.4046212,3.4017311,08:35:42 19 Jan 2021
2021-01-17,0,all,54.053241,31.523525,9.4046212,3.4017311,13:10:25 17 Jan 2021
2021-01-17,1,all,34.294461,34.292022,17.683514,11.871566,13:10:28 17 Jan 2021
2021-01-16,0,all,54.053241,31.523525,9.4046212,3.4017311,08:55:48 17 Jan 2021
2021-01-16,1,all,33.038838,34.780757,18.154705,12.125407,08:55:55 17 Jan 2021
2021-01-15,0,all,54.053241,31.523525,9.4046212,3.4017311,09:30:26 15 Jan 2021
2021-01-15,1,all,33.038838,34.780757,18.154705,12.125407,09:30:29 15 Jan 2021
2021-01-14,1,all,33.382584,34.547535,18.625911,11.817156,09:25:47 15 Jan 2021
2021-01-14,0,all,54.053241,31.523525,9.4046212,3.4017311,09:25:40 15 Jan 2021
2021-01-13,0,all,54.053241,31.523525,9.4046212,3.4017311,14:05:24 13 Jan 2021
2021-01-13,1,all,33.382584,34.547535,18.625911,11.817156,14:05:28 13 Jan 2021
2021-01-12,0,all,54.053241,31.523525,9.4046212,3.4017311,08:55:42 13 Jan 2021
2021-01-12,1,all,34.675588,34.025016,18.50776,11.082598,08:55:48 13 Jan 2021
2021-01-11,0,all,54.378716,31.587475,9.0923259,3.2171018,19:50:24 11 Jan 2021
2021-01-11,1,all,34.675588,34.025016,18.50776,11.082598,19:50:27 11 Jan 2021
2021-01-10,0,all,54.258325,31.878204,9.2271783,3.0857567,12:26:13 11 Jan 2021
2021-01-10,1,all,34.675588,34.025016,18.50776,11.082598,12:26:24 11 Jan 2021
2021-01-09,0,all,54.258325,31.878204,9.2271783,3.0857567,12:26:15 11 Jan 2021
2021-01-09,1,all,34.675588,34.025016,18.50776,11.082598,12:26:28 11 Jan 2021
2021-01-08,0,all,54.258325,31.878204,9.2271783,3.0857567,12:26:17 11 Jan 2021
2021-01-08,1,all,34.675588,34.025016,18.50776,11.082598,12:26:32 11 Jan 2021
2021-01-07,0,all,54.258325,31.878204,9.2271783,3.0857567,13:15:23  7 Jan 2021
2021-01-07,1,all,34.675588,34.025016,18.50776,11.082598,13:15:26  7 Jan 2021
2021-01-06,0,all,54.258325,31.878204,9.2271783,3.0857567,14:45:23  6 Jan 2021
2021-01-06,1,all,34.675588,34.025016,18.50776,11.082598,14:45:26  6 Jan 2021
2021-01-05,0,all,53.545842,32.313869,9.2258183,3.224282,08:55:23  5 Jan 2021
2021-01-05,1,all,34.675588,34.025016,18.50776,11.082598,08:55:27  5 Jan 2021
2021-01-04,0,all,52.192281,33.017159,9.4948054,3.4895989,08:37:33  5 Jan 2021
2021-01-04,1,all,34.675588,34.025016,18.50776,11.082598,08:37:56  5 Jan 2021
2021-01-03,0,all,52.192281,33.017159,9.4948054,3.4895989,08:37:35  5 Jan 2021
2021-01-03,1,all,34.675588,34.025016,18.50776,11.082598,08:38:00  5 Jan 2021
2021-01-02,1,all,35.107953,34.245284,18.525487,11.015734,08:38:04  5 Jan 2021
2021-01-02,0,all,52.192281,33.017159,9.4948054,3.4895989,08:37:38  5 Jan 2021
2021-01-01,1,all,35.107953,34.245284,18.525487,11.015734,08:38:09  5 Jan 2021
2021-01-01,0,all,52.192281,33.017159,9.4948054,3.4895989,08:37:40  5 Jan 2021
2020-12-31,0,all,52.192281,33.017159,9.4948054,3.4895989,08:37:42  5 Jan 2021
2020-12-31,1,all,35.107953,34.245284,18.525487,11.015734,08:38:13  5 Jan 2021
2020-12-30,1,all,35.107953,34.245284,18.525487,11.015734,08:38:17  5 Jan 2021
2020-12-30,0,all,52.192281,33.017159,9.4948054,3.4895989,08:37:44  5 Jan 2021
2020-12-29,1,all,35.107953,34.245284,18.525487,11.015734,08:38:21  5 Jan 2021
2020-12-29,0,all,52.192281,33.017159,9.4948054,3.4895989,08:37:46  5 Jan 2021
2020-12-28,0,all,52.192281,33.017159,9.4948054,3.4895989,08:37:49  5 Jan 2021
2020-12-28,1,all,35.107953,34.245284,18.525487,11.015734,08:38:25  5 Jan 2021
2020-12-27,0,all,52.192281,33.017159,9.4948054,3.4895989,02:30:53 27 Dec 2020
2020-12-27,1,all,35.107953,34.245284,18.525487,11.015734,02:31:00 27 Dec 2020
2020-12-26,1,all,35.107953,34.245284,18.525487,11.015734,02:31:04 27 Dec 2020
2020-12-26,0,all,52.192281,33.017159,9.4948054,3.4895989,02:30:55 27 Dec 2020
2020-12-25,1,all,35.107953,34.245284,18.525487,11.015734,02:31:07 27 Dec 2020
2020-12-25,0,all,52.192281,33.017159,9.4948054,3.4895989,02:30:57 27 Dec 2020
2020-12-24,0,all,52.192281,33.017159,9.4948054,3.4895989,08:55:24 24 Dec 2020
2020-12-24,1,all,35.107953,34.245284,18.525487,11.015734,08:55:27 24 Dec 2020
2020-12-23,0,all,52.192281,33.017159,9.4948054,3.4895989,10:15:24 23 Dec 2020
2020-12-23,1,all,33.899311,34.503677,18.943086,11.671272,10:15:28 23 Dec 2020
2020-12-22,0,all,52.192281,33.017159,9.4948054,3.4895989,18:15:22 22 Dec 2020
2020-12-22,1,all,35.373617,34.765625,17.476986,11.098858,18:15:25 22 Dec 2020
2020-12-21,0,all,52.872744,32.908011,9.2031667,3.2991032,19:30:24 21 Dec 2020
2020-12-21,1,all,35.379223,35.081296,16.677236,11.064945,19:30:27 21 Dec 2020
2020-12-20,1,all,35.379223,35.081296,16.677236,11.064945,10:16:03 21 Dec 2020
2020-12-20,0,all,53.100009,32.604039,9.3207657,3.1990448,10:15:55 21 Dec 2020
2020-12-19,1,all,35.379223,35.081296,16.677236,11.064945,10:16:07 21 Dec 2020
2020-12-19,0,all,53.100009,32.604039,9.3207657,3.1990448,10:15:56 21 Dec 2020
2020-12-18,0,all,53.100009,32.604039,9.3207657,3.1990448,22:00:24 18 Dec 2020
2020-12-18,1,all,35.379223,35.081296,16.677236,11.064945,22:00:27 18 Dec 2020
2020-12-17,0,all,53.100009,32.604039,9.3207657,3.1990448,02:20:26 17 Dec 2020
2020-12-17,1,all,35.496227,35.325258,16.359651,11.102041,02:20:29 17 Dec 2020
2020-12-16,0,all,53.100009,32.604039,9.3207657,3.1990448,16:55:34 16 Dec 2020
2020-12-16,1,all,35.496227,35.325258,16.359651,11.102041,16:55:37 16 Dec 2020
2020-12-15,1,all,35.496227,35.325258,16.359651,11.102041,12:50:27 15 Dec 2020
2020-12-15,0,all,53.100009,32.604039,9.3207657,3.1990448,12:50:23 15 Dec 2020
2020-12-14,0,all,54.479581,31.666658,9.1771404,3.3418198,21:15:22 14 Dec 2020
2020-12-14,1,all,37.51255,33.215846,17.063962,10.883475,21:15:26 14 Dec 2020
2020-12-13,1,all,37.51255,33.215846,17.063962,10.883475,21:25:46 13 Dec 2020
2020-12-13,0,all,54.479581,31.666658,9.1771404,3.3418198,21:25:41 13 Dec 2020
2020-12-12,0,all,54.479581,31.666658,9.1771404,3.3418198,21:25:43 13 Dec 2020
2020-12-12,1,all,37.51255,33.215846,17.063962,10.883475,21:25:49 13 Dec 2020
2020-12-11,0,all,54.479581,31.666658,9.1771404,3.3418198,22:20:22 11 Dec 2020
2020-12-11,1,all,37.51255,33.215846,17.063962,10.883475,22:20:25 11 Dec 2020
2020-12-10,1,all,37.51255,33.215846,17.063962,10.883475,17:15:25 10 Dec 2020
2020-12-10,0,all,55.553779,30.371663,8.7287744,3.7861466,17:15:22 10 Dec 2020
2020-12-09,1,all,37.51255,33.215846,17.063962,10.883475,14:10:25  9 Dec 2020
2020-12-09,0,all,55.553779,30.371663,8.7287744,3.7861466,14:10:22  9 Dec 2020
2020-12-08,0,all,55.553779,30.371663,8.7287744,3.7861466,21:45:21  8 Dec 2020
2020-12-08,1,all,34.106753,33.67834,18.334785,12.077454,21:45:24  8 Dec 2020
2020-12-07,0,all,55.586462,30.343389,8.6083178,3.6098579,18:15:22  7 Dec 2020
2020-12-07,1,all,34.106753,33.67834,18.334785,12.077454,18:15:26  7 Dec 2020
2020-12-06,1,all,34.106753,33.67834,18.334785,12.077454,18:11:03  7 Dec 2020
2020-12-06,0,all,55.586462,30.343389,8.6083178,3.6098579,18:10:55  7 Dec 2020
2020-12-05,1,all,34.106753,33.67834,18.334785,12.077454,18:11:06  7 Dec 2020
2020-12-05,0,all,54.59463,30.685457,8.8827472,3.7493754,18:10:56  7 Dec 2020
2020-12-04,0,all,54.59463,30.685457,8.8827472,3.7493754,09:05:37  4 Dec 2020
2020-12-04,1,all,34.106753,33.67834,18.334785,12.077454,09:05:42  4 Dec 2020
2020-12-03,0,all,54.59463,30.685457,8.8827472,3.7493754,09:05:39  4 Dec 2020
2020-12-03,1,all,34.106753,33.67834,18.334785,12.077454,09:05:45  4 Dec 2020
2020-12-02,0,all,54.877854,30.390189,9.0930937,3.4572935,20:40:25  2 Dec 2020
2020-12-02,1,all,34.106753,33.67834,18.334785,12.077454,20:40:28  2 Dec 2020
2020-12-01,0,all,54.877854,30.390189,9.0930937,3.4572935,21:30:24  1 Dec 2020
2020-12-01,1,all,34.106753,33.67834,18.334785,12.077454,21:30:28  1 Dec 2020
2020-11-30,1,all,34.106753,33.67834,18.334785,12.077454,09:11:03  1 Dec 2020
2020-11-30,0,all,54.118905,31.451029,9.1048739,3.6478115,09:10:55  1 Dec 2020
2020-11-29,0,all,54.118905,31.451029,9.1048739,3.6478115,09:10:57  1 Dec 2020
2020-11-29,1,all,34.106753,33.67834,18.334785,12.077454,09:11:07  1 Dec 2020
2020-11-28,0,all,54.118905,31.451029,9.1048739,3.6478115,20:50:21 28 Nov 2020
2020-11-28,1,all,34.186833,34.032817,18.338019,11.871891,20:50:24 28 Nov 2020
2020-11-27,1,all,34.186833,34.032817,18.338019,11.871891,20:46:03 28 Nov 2020
2020-11-27,0,all,54.118905,31.451029,9.1048739,3.6478115,20:45:55 28 Nov 2020
2020-11-26,0,all,54.118905,31.451029,9.1048739,3.6478115,20:45:57 28 Nov 2020
2020-11-26,1,all,34.186833,34.032817,18.338019,11.871891,20:46:06 28 Nov 2020
2020-11-25,1,all,33.510595,34.46786,17.862733,11.967271,14:35:25 25 Nov 2020
2020-11-25,0,all,54.118905,31.451029,9.1048739,3.6478115,14:35:22 25 Nov 2020
2020-11-24,0,all,53.920295,31.829659,8.5650206,3.6633951,21:30:22 24 Nov 2020
2020-11-24,1,all,32.902599,34.05716,18.143545,12.470753,21:30:25 24 Nov 2020
2020-11-23,0,all,53.209872,32.151293,8.7854508,3.9227974,08:30:55 24 Nov 2020
2020-11-23,1,all,32.902599,34.05716,18.143545,12.470753,08:31:03 24 Nov 2020
2020-11-22,0,all,53.209872,32.151293,8.7854508,3.9227974,08:30:57 24 Nov 2020
2020-11-22,1,all,32.902599,34.05716,18.143545,12.470753,08:31:06 24 Nov 2020
2020-11-21,0,all,53.209872,32.151293,8.7854508,3.9227974,10:40:24 21 Nov 2020
2020-11-21,1,all,32.902599,34.05716,18.143545,12.470753,10:40:27 21 Nov 2020
2020-11-20,1,all,32.902599,34.05716,18.143545,12.470753,09:10:25 20 Nov 2020
2020-11-20,0,all,53.209872,32.151293,8.7854508,3.9227974,09:10:22 20 Nov 2020
2020-11-19,1,all,32.902599,34.05716,18.143545,12.470753,20:20:26 19 Nov 2020
2020-11-19,0,all,53.209872,32.151293,8.7854508,3.9227974,20:20:23 19 Nov 2020
2020-11-18,0,all,53.209872,32.151293,8.7854508,3.9227974,18:50:26 18 Nov 2020
2020-11-18,1,all,31.897507,34.673641,18.507781,12.553443,18:50:29 18 Nov 2020
2020-11-17,0,all,52.880356,32.400939,8.7589931,4.2194322,20:15:22 17 Nov 2020
2020-11-17,1,all,31.897507,34.673641,18.507781,12.553443,20:15:25 17 Nov 2020
2020-11-16,0,all,52.880356,32.400939,8.7589931,4.2194322,21:25:22 16 Nov 2020
2020-11-16,1,all,32.019344,34.780978,18.625536,12.478495,21:25:25 16 Nov 2020
2020-11-15,0,all,52.554546,32.525598,8.9737844,4.2831953,03:36:08 16 Nov 2020
2020-11-15,1,all,32.019344,34.780978,18.625536,12.478495,03:36:17 16 Nov 2020
2020-11-14,1,all,32.019344,34.780978,18.625536,12.478495,03:36:21 16 Nov 2020
2020-11-14,0,all,52.554546,32.525598,8.9737844,4.2831953,03:36:09 16 Nov 2020
2020-11-13,0,all,52.554546,32.525598,8.9737844,4.2831953,03:36:11 16 Nov 2020
2020-11-13,1,all,32.019344,34.780978,18.625536,12.478495,03:36:24 16 Nov 2020
2020-11-12,0,all,52.554546,32.525598,8.9737844,4.2831953,19:05:22 12 Nov 2020
2020-11-12,1,all,32.019344,34.780978,18.625536,12.478495,19:05:25 12 Nov 2020
2020-11-11,0,all,52.306035,32.684912,9.3296639,4.4530464,10:35:21 11 Nov 2020
2020-11-11,1,all,32.019344,34.780978,18.625536,12.478495,10:35:24 11 Nov 2020
2020-11-10,0,all,53.443951,32.226535,9.0485393,4.0743483,08:41:21 10 Nov 2020
2020-11-10,1,all,32.019344,34.780978,18.625536,12.478495,08:41:32 10 Nov 2020
2020-11-09,1,all,32.019344,34.780978,18.625536,12.478495,08:41:35 10 Nov 2020
2020-11-09,0,all,53.443951,32.226535,9.0485393,4.0743483,08:41:23 10 Nov 2020
2020-11-08,0,all,53.443951,32.226535,9.0485393,4.0743483,08:41:25 10 Nov 2020
2020-11-08,1,all,32.019344,34.780978,18.625536,12.478495,08:41:38 10 Nov 2020
2020-11-07,0,all,53.443951,32.226535,9.0485393,4.0743483,08:41:27 10 Nov 2020
2020-11-07,1,all,32.187364,34.847609,18.705963,12.268706,08:41:42 10 Nov 2020
2020-11-06,0,all,53.443951,32.226535,9.0485393,4.0743483,08:41:28 10 Nov 2020
2020-11-06,1,all,32.187364,34.847609,18.705963,12.268706,08:41:45 10 Nov 2020
2020-11-05,1,all,32.187364,34.847609,18.705963,12.268706,20:45:26  5 Nov 2020
2020-11-05,0,all,53.443951,32.226535,9.0485393,4.0743483,20:45:23  5 Nov 2020
2020-11-04,0,all,52.922807,32.819774,8.709563,4.100238,10:35:21  4 Nov 2020
2020-11-04,1,all,32.187364,34.847609,18.705963,12.268706,10:35:24  4 Nov 2020
2020-11-03,0,all,52.801673,32.922008,8.7587655,4.1083353,10:00:38  4 Nov 2020
2020-11-03,1,all,32.187364,34.847609,18.705963,12.268706,10:00:44  4 Nov 2020
2020-11-02,0,all,52.801673,32.922008,8.7587655,4.1083353,18:50:20  2 Nov 2020
2020-11-02,1,all,32.187364,34.847609,18.705963,12.268706,18:50:23  2 Nov 2020
2020-11-01,0,all,52.801673,32.922008,8.7587655,4.1083353,09:45:49  1 Nov 2020
2020-11-01,1,all,32.15756,34.981598,18.664619,12.041805,09:45:56  1 Nov 2020
2020-10-31,1,all,32.15756,34.981598,18.664619,12.041805,09:45:59  1 Nov 2020
2020-10-31,0,all,52.801673,32.922008,8.7587655,4.1083353,09:45:51  1 Nov 2020
2020-10-30,0,all,52.801673,32.922008,8.7587655,4.1083353,09:45:53  1 Nov 2020
2020-10-30,1,all,32.15756,34.981598,18.664619,12.041805,09:46:02  1 Nov 2020
2020-10-29,0,all,52.801673,32.922008,8.7587655,4.1083353,13:10:22 29 Oct 2020
2020-10-29,1,all,32.15756,34.981598,18.664619,12.041805,13:10:25 29 Oct 2020
2020-10-28,0,all,52.801673,32.922008,8.7587655,4.1083353,19:40:20 28 Oct 2020
2020-10-28,1,all,32.15756,34.981598,18.664619,12.041805,19:40:23 28 Oct 2020
2020-10-27,0,all,53.447917,32.662583,8.6464786,3.8160206,13:20:23 27 Oct 2020
2020-10-27,1,all,30.835193,35.802465,18.264438,12.054129,13:20:26 27 Oct 2020
2020-10-26,1,all,30.734834,35.832577,18.330991,12.09948,20:20:23 26 Oct 2020
2020-10-26,0,all,53.226747,32.746408,8.7127221,3.7966948,20:20:21 26 Oct 2020
2020-10-25,0,all,53.027302,33.025562,9.2116139,3.486196,07:40:34 25 Oct 2020
2020-10-25,1,all,30.734834,35.832577,18.330991,12.09948,07:40:39 25 Oct 2020
2020-10-24,0,all,53.027302,33.025562,9.2116139,3.486196,07:40:36 25 Oct 2020
2020-10-24,1,all,30.734834,35.832577,18.330991,12.09948,07:40:42 25 Oct 2020
2020-10-23,0,all,53.027302,33.025562,9.2116139,3.486196,18:30:20 23 Oct 2020
2020-10-23,1,all,30.391838,35.538228,18.660406,12.327572,18:30:23 23 Oct 2020
2020-10-22,0,all,53.027302,33.025562,9.2116139,3.486196,14:10:21 22 Oct 2020
2020-10-22,1,all,30.391838,35.538228,18.660406,12.327572,14:10:24 22 Oct 2020
2020-10-21,1,all,30.391838,35.538228,18.660406,12.327572,18:55:23 21 Oct 2020
2020-10-21,0,all,53.027302,33.025562,9.2116139,3.486196,18:55:20 21 Oct 2020
2020-10-20,1,all,30.504082,35.534965,18.740631,12.066414,21:15:23 20 Oct 2020
2020-10-20,0,all,53.027302,33.025562,9.2116139,3.486196,21:15:20 20 Oct 2020
2020-10-19,0,all,54.19666,31.978075,8.7738475,3.4055255,18:55:21 19 Oct 2020
2020-10-19,1,all,31.131314,35.209926,18.859822,11.816402,18:55:24 19 Oct 2020
2020-10-18,0,all,54.19666,31.978075,8.7738475,3.4055255,07:20:34 19 Oct 2020
2020-10-18,1,all,31.131314,35.209926,18.859822,11.816402,07:20:40 19 Oct 2020
2020-10-17,0,all,54.19666,31.978075,8.7738475,3.4055255,08:35:19 17 Oct 2020
2020-10-17,1,all,31.131314,35.209926,18.859822,11.816402,08:35:22 17 Oct 2020
2020-10-16,1,all,31.131314,35.209926,18.859822,11.816402,19:05:22 16 Oct 2020
2020-10-16,0,all,54.19666,31.978075,8.7738475,3.4055255,19:05:19 16 Oct 2020
2020-10-15,0,all,54.19666,31.978075,8.7738475,3.4055255,22:40:21 15 Oct 2020
2020-10-15,1,all,31.131314,35.209926,18.859822,11.816402,22:40:24 15 Oct 2020
2020-10-14,0,all,54.19666,31.978075,8.7738475,3.4055255,21:45:20 14 Oct 2020
2020-10-14,1,all,31.131314,35.209926,18.859822,11.816402,21:45:23 14 Oct 2020
2020-10-13,0,all,54.19666,31.978075,8.7738475,3.4055255,22:15:20 13 Oct 2020
2020-10-13,1,all,31.415529,34.926933,18.793971,11.768216,22:15:23 13 Oct 2020
2020-10-12,0,all,52.675834,33.260242,9.0996167,3.3079099,07:30:38 13 Oct 2020
2020-10-12,1,all,31.628771,34.614503,18.989882,11.609773,07:30:44 13 Oct 2020
2020-10-11,1,all,31.628771,34.614503,18.989882,11.609773,07:25:21 11 Oct 2020
2020-10-11,0,all,52.675834,33.260242,9.0996167,3.3079099,07:25:18 11 Oct 2020
2020-10-10,1,all,31.552346,34.211756,20.375157,12.003188,18:35:21 10 Oct 2020
2020-10-10,0,all,52.675834,33.260242,9.0996167,3.3079099,18:35:18 10 Oct 2020
2020-10-09,0,all,52.675834,33.260242,9.0996167,3.3079099,11:45:19  9 Oct 2020
2020-10-09,1,all,31.552346,34.211756,20.375157,12.003188,11:45:22  9 Oct 2020
2020-10-08,0,all,52.675834,33.260242,9.0996167,3.3079099,09:25:19  8 Oct 2020
2020-10-08,1,all,31.552346,34.211756,20.375157,12.003188,09:25:23  8 Oct 2020
2020-10-07,0,all,52.675834,33.260242,9.0996167,3.3079099,18:10:18  7 Oct 2020
2020-10-07,1,all,31.552346,34.211756,20.375157,12.003188,18:10:21  7 Oct 2020
2020-10-06,0,all,52.675834,33.260242,9.0996167,3.3079099,09:35:19  6 Oct 2020
2020-10-06,1,all,31.552346,34.211756,20.375157,12.003188,09:35:22  6 Oct 2020
2020-10-05,1,all,31.552346,34.211756,20.375157,12.003188,18:45:23  5 Oct 2020
2020-10-05,0,all,52.331479,33.370149,9.1471972,3.325759,18:45:20  5 Oct 2020
2020-10-04,1,all,31.552346,34.211756,20.375157,12.003188,18:55:22  4 Oct 2020
2020-10-04,0,all,52.331479,33.370149,9.1471972,3.325759,18:55:19  4 Oct 2020
2020-10-03,0,all,52.331479,33.370149,9.1471972,3.325759,14:00:22  3 Oct 2020
2020-10-03,1,all,31.811273,33.744025,20.417944,12.016534,14:00:25  3 Oct 2020
2020-10-02,0,all,52.520828,33.168479,9.139118,3.1802554,18:35:19  2 Oct 2020
2020-10-02,1,all,31.811273,33.744025,20.417944,12.016534,18:35:21  2 Oct 2020
2020-10-01,0,all,52.522995,33.14349,9.1256789,3.2418978,20:10:20  1 Oct 2020
2020-10-01,1,all,31.811273,33.744025,20.417944,12.016534,20:10:22  1 Oct 2020
2020-09-30,1,all,31.811273,33.744025,20.417944,12.016534,19:15:41 30 Sep 2020
2020-09-30,0,all,52.522995,33.14349,9.1256789,3.2418978,19:15:35 30 Sep 2020
2020-09-29,0,all,52.571008,32.929559,8.8859908,3.5539277,07:55:20 29 Sep 2020
2020-09-29,1,all,31.505751,33.895451,19.898893,12.507722,07:55:23 29 Sep 2020
2020-09-28,0,all,52.497756,32.989919,8.9423081,3.5873557,11:05:18 28 Sep 2020
2020-09-28,1,all,31.505751,33.895451,19.898893,12.507722,11:05:21 28 Sep 2020
2020-09-27,0,all,52.497756,32.989919,8.9423081,3.5873557,16:20:18 27 Sep 2020
2020-09-27,1,all,31.505751,33.895451,19.898893,12.507722,16:20:20 27 Sep 2020
2020-09-26,0,all,52.497756,32.989919,8.9423081,3.5873557,01:00:32 27 Sep 2020
2020-09-26,1,all,31.547757,34.212152,20.698913,12.217178,01:00:37 27 Sep 2020
2020-09-25,0,all,52.497756,32.989919,8.9423081,3.5873557,22:35:30 25 Sep 2020
2020-09-25,1,all,31.547757,34.212152,20.698913,12.217178,22:35:35 25 Sep 2020
2020-09-24,0,all,52.497756,32.989919,8.9423081,3.5873557,13:55:18 24 Sep 2020
2020-09-24,1,all,31.547757,34.212152,20.698913,12.217178,13:55:21 24 Sep 2020
2020-09-23,0,all,52.497756,32.989919,8.9423081,3.5873557,18:40:20 23 Sep 2020
2020-09-23,1,all,31.888428,33.837774,20.814029,12.136689,18:40:23 23 Sep 2020
2020-09-22,0,all,52.497756,32.989919,8.9423081,3.5873557,20:00:18 22 Sep 2020
2020-09-22,1,all,32.073641,33.943077,20.641749,12.093769,20:00:21 22 Sep 2020
2020-09-21,1,all,32.073641,33.943077,20.641749,12.093769,20:55:21 21 Sep 2020
2020-09-21,0,all,52.836267,32.580642,8.6767362,3.6155168,20:55:18 21 Sep 2020
2020-09-20,0,all,52.590802,32.532917,8.9893069,3.7925095,09:05:18 20 Sep 2020
2020-09-20,1,all,32.385982,33.833732,20.636686,11.998265,09:05:21 20 Sep 2020
2020-09-19,0,all,52.590802,32.532917,8.9893069,3.7925095,07:10:31 20 Sep 2020
2020-09-19,1,all,32.385982,33.833732,20.636686,11.998265,07:10:36 20 Sep 2020
2020-09-18,0,all,52.590802,32.532917,8.9893069,3.7925095,16:20:18 18 Sep 2020
2020-09-18,1,all,32.593159,33.446018,20.683915,12.013182,16:20:21 18 Sep 2020
2020-09-17,0,all,52.590802,32.532917,8.9893069,3.7925095,15:25:17 17 Sep 2020
2020-09-17,1,all,32.537436,33.48107,20.580611,12.143346,15:25:20 17 Sep 2020
2020-09-16,1,all,32.446882,33.714601,20.092113,12.358126,16:40:21 16 Sep 2020
2020-09-16,0,all,52.590802,32.532917,8.9893069,3.7925095,16:40:19 16 Sep 2020
2020-09-15,0,all,52.590802,32.532917,8.9893069,3.7925095,20:20:18 15 Sep 2020
2020-09-15,1,all,32.809123,33.633082,19.728325,12.317041,20:20:21 15 Sep 2020
2020-09-14,0,all,52.784365,32.194474,9.1529559,3.569649,18:30:19 14 Sep 2020
2020-09-14,1,all,32.809123,33.633082,19.728325,12.317041,18:30:21 14 Sep 2020
2020-09-13,0,all,53.075169,32.312361,9.2711338,3.5150058,09:05:17 13 Sep 2020
2020-09-13,1,all,32.829021,33.72555,19.7095,12.273438,09:05:19 13 Sep 2020
2020-09-12,0,all,53.075169,32.312361,9.2711338,3.5150058,16:30:17 12 Sep 2020
2020-09-12,1,all,32.829021,33.72555,19.7095,12.273438,16:30:20 12 Sep 2020
2020-09-11,1,all,33.509382,33.420302,19.459141,12.202169,16:15:34 12 Sep 2020
2020-09-11,0,all,53.075169,32.312361,9.2711338,3.5150058,16:15:29 12 Sep 2020
2020-09-10,0,all,53.075169,32.312361,9.2711338,3.5150058,13:05:17 10 Sep 2020
2020-09-10,1,all,33.509382,33.420302,19.459141,12.202169,13:05:19 10 Sep 2020
2020-09-09,0,all,53.075169,32.312361,9.2711338,3.5150058,18:05:17  9 Sep 2020
2020-09-09,1,all,35.139651,32.943974,18.5671,12.010697,18:05:19  9 Sep 2020
2020-09-08,0,all,53.926919,31.925419,8.9613115,3.772266,19:05:16  8 Sep 2020
2020-09-08,1,all,33.628739,33.938863,19.112168,11.905256,19:05:19  8 Sep 2020
2020-09-07,0,all,54.287718,31.656493,8.8444832,3.9260174,11:05:16  7 Sep 2020
2020-09-07,1,all,33.754825,33.911942,19.134792,11.768122,11:05:19  7 Sep 2020
2020-09-06,0,all,54.287718,31.656493,8.8444832,3.9260174,10:40:27  6 Sep 2020
2020-09-06,1,all,33.754825,33.911942,19.134792,11.768122,10:40:30  6 Sep 2020
2020-09-05,0,all,54.287718,31.656493,8.8444832,3.9260174,10:40:28  6 Sep 2020
2020-09-05,1,all,33.754825,33.911942,19.134792,11.768122,10:40:33  6 Sep 2020
2020-09-04,0,all,54.287718,31.656493,8.8444832,3.9260174,18:25:15  4 Sep 2020
2020-09-04,1,all,33.60439,33.791725,19.17646,11.856495,18:25:18  4 Sep 2020
2020-09-03,0,all,54.287718,31.656493,8.8444832,3.9260174,22:55:16  3 Sep 2020
2020-09-03,1,all,33.77779,33.71067,18.800373,11.914924,22:55:19  3 Sep 2020
2020-09-02,0,all,54.287718,31.656493,8.8444832,3.9260174,16:45:16  2 Sep 2020
2020-09-02,1,all,33.91514,33.780712,18.396446,11.986626,16:45:18  2 Sep 2020
2020-09-01,1,all,34.085894,33.680443,17.955919,11.874327,20:00:21  1 Sep 2020
2020-09-01,0,all,54.287718,31.656493,8.8444832,3.9260174,20:00:19  1 Sep 2020
2020-08-31,0,all,54.992639,31.478875,8.4646015,3.3029541,20:50:17 31 Aug 2020
2020-08-31,1,all,34.289486,33.69208,17.795104,11.761939,20:50:19 31 Aug 2020
2020-08-30,0,all,55.523735,31.144067,8.4626365,3.221631,07:40:18 30 Aug 2020
2020-08-30,1,all,34.052401,33.797673,17.862409,11.879649,07:40:20 30 Aug 2020
2020-08-29,0,all,55.523735,31.144067,8.4626365,3.221631,13:40:16 29 Aug 2020
2020-08-29,1,all,34.052401,33.797673,17.862409,11.879649,13:40:19 29 Aug 2020
2020-08-28,0,all,55.523735,31.144067,8.4626365,3.221631,06:10:18 28 Aug 2020
2020-08-28,1,all,34.052401,33.797673,17.862409,11.879649,06:10:20 28 Aug 2020
2020-08-27,1,all,34.052401,33.797673,17.862409,11.879649,12:55:20 27 Aug 2020
2020-08-27,0,all,55.523735,31.144067,8.4626365,3.221631,12:55:18 27 Aug 2020
2020-08-26,0,all,55.523735,31.144067,8.4626365,3.221631,20:45:16 26 Aug 2020
2020-08-26,1,all,34.052401,33.797673,17.862409,11.879649,20:45:18 26 Aug 2020
2020-08-25,0,all,55.490277,31.391025,8.1540056,3.2244163,16:20:16 25 Aug 2020
2020-08-25,1,all,34.685538,33.753971,17.346358,11.707437,16:20:18 25 Aug 2020
2020-08-24,0,all,56.038485,30.918777,8.0052429,3.1454427,17:40:16 24 Aug 2020
2020-08-24,1,all,34.685538,33.753971,17.346358,11.707437,17:40:18 24 Aug 2020
2020-08-23,0,all,56.553667,30.840767,8.0081169,3.0171872,10:40:25 23 Aug 2020
2020-08-23,1,all,34.633147,34.00659,17.281041,11.613734,10:40:29 23 Aug 2020
2020-08-22,1,all,34.633147,34.00659,17.281041,11.613734,10:40:31 23 Aug 2020
2020-08-22,0,all,56.553667,30.840767,8.0081169,3.0171872,10:40:26 23 Aug 2020
2020-08-21,1,all,34.544605,34.068325,17.260566,11.516702,19:25:19 21 Aug 2020
2020-08-21,0,all,56.553667,30.840767,8.0081169,3.0171872,19:25:17 21 Aug 2020
2020-08-20,0,all,56.553667,30.840767,8.0081169,3.0171872,13:00:18 20 Aug 2020
2020-08-20,1,all,34.235002,33.454098,17.796073,12.010591,13:00:20 20 Aug 2020
2020-08-19,0,all,56.552666,30.7162,8.0680151,3.0216456,17:00:19 19 Aug 2020
2020-08-19,1,all,34.235002,33.454098,17.796073,12.010591,17:00:21 19 Aug 2020
2020-08-18,0,all,56.552666,30.7162,8.0680151,3.0216456,19:50:22 18 Aug 2020
2020-08-18,1,all,34.677532,33.414584,17.534226,11.746447,19:50:24 18 Aug 2020
2020-08-17,1,all,34.677532,33.414584,17.534226,11.746447,22:45:20 17 Aug 2020
2020-08-17,0,all,57.24885,29.807124,8.5189605,2.8884457,22:45:18 17 Aug 2020
2020-08-16,1,all,35.469771,33.208395,18.564398,11.354209,09:05:27 16 Aug 2020
2020-08-16,0,all,56.973458,30.236948,8.6181157,2.9179429,09:05:24 16 Aug 2020
2020-08-15,0,all,56.973458,30.236948,8.6181157,2.9179429,09:05:25 16 Aug 2020
2020-08-15,1,all,35.469771,33.208395,18.564398,11.354209,09:05:29 16 Aug 2020
2020-08-14,0,all,56.973458,30.236948,8.6181157,2.9179429,09:05:17 14 Aug 2020
2020-08-14,1,all,35.469771,33.208395,18.564398,11.354209,09:05:19 14 Aug 2020
2020-08-13,0,all,56.973458,30.236948,8.6181157,2.9179429,18:45:16 13 Aug 2020
2020-08-13,1,all,35.597263,33.380997,18.581767,11.058234,18:45:18 13 Aug 2020
2020-08-12,1,all,35.455648,34.217724,17.850494,10.72564,16:05:18 12 Aug 2020
2020-08-12,0,all,56.973458,30.236948,8.6181157,2.9179429,16:05:16 12 Aug 2020
2020-08-11,1,all,35.635448,34.002272,17.771062,10.65254,16:55:21 11 Aug 2020
2020-08-11,0,all,56.973458,30.236948,8.6181157,2.9179429,16:55:17 11 Aug 2020
2020-08-10,0,all,56.458081,30.566238,8.8771685,2.7863659,13:25:21 10 Aug 2020
2020-08-10,1,all,35.635448,34.002272,17.771062,10.65254,13:25:23 10 Aug 2020
2020-08-09,0,all,56.458081,30.566238,8.8771685,2.7863659,10:35:35 10 Aug 2020
2020-08-09,1,all,35.635448,34.002272,17.771062,10.65254,10:35:41 10 Aug 2020
2020-08-08,0,all,56.458081,30.566238,8.8771685,2.7863659,10:35:37 10 Aug 2020
2020-08-08,1,all,35.635448,34.002272,17.771062,10.65254,10:35:43 10 Aug 2020
2020-08-07,1,all,35.635448,34.002272,17.771062,10.65254,14:00:22  7 Aug 2020
2020-08-07,0,all,56.458081,30.566238,8.8771685,2.7863659,14:00:20  7 Aug 2020
2020-08-06,1,all,35.635448,34.002272,17.771062,10.65254,20:50:18  6 Aug 2020
2020-08-06,0,all,56.458081,30.566238,8.8771685,2.7863659,20:50:16  6 Aug 2020
2020-08-05,0,all,57.432268,30.246172,8.2188982,2.7400271,18:45:16  5 Aug 2020
2020-08-05,1,all,35.513543,33.841901,17.799573,10.833534,18:45:18  5 Aug 2020
2020-08-04,0,all,57.843765,29.88125,8.1640783,2.6719312,20:05:15  4 Aug 2020
2020-08-04,1,all,36.019952,33.558322,17.55013,10.726149,20:05:17  4 Aug 2020
2020-08-03,0,all,56.326407,30.929715,8.6675419,2.4230166,06:35:45  4 Aug 2020
2020-08-03,1,all,35.729273,33.829106,17.660758,10.753067,06:35:51  4 Aug 2020
2020-08-02,0,all,56.326407,30.929715,8.6675419,2.4230166,06:35:46  4 Aug 2020
2020-08-02,1,all,35.729273,33.829106,17.660758,10.753067,06:35:54  4 Aug 2020
2020-08-01,0,all,56.326407,30.929715,8.6675419,2.4230166,06:35:47  4 Aug 2020
2020-08-01,1,all,35.729273,33.829106,17.660758,10.753067,06:35:56  4 Aug 2020
2020-07-31,0,all,56.326407,30.929715,8.6675419,2.4230166,12:50:18 31 Jul 2020
2020-07-31,1,all,35.729273,33.829106,17.660758,10.753067,12:50:20 31 Jul 2020
2020-07-30,0,all,56.326407,30.929715,8.6675419,2.4230166,13:25:15 30 Jul 2020
2020-07-30,1,all,35.864029,33.797345,17.508635,10.826174,13:25:17 30 Jul 2020
2020-07-29,0,all,56.898031,30.75011,8.2289191,2.3664609,19:00:16 29 Jul 2020
2020-07-29,1,all,35.864029,33.797345,17.508635,10.826174,19:00:18 29 Jul 2020
2020-07-28,1,all,37.016225,33.620653,16.658386,10.707426,07:10:16 28 Jul 2020
2020-07-28,0,all,57.196281,30.743239,8.2376829,2.3664706,07:10:14 28 Jul 2020
2020-07-27,0,all,56.20501,31.191064,8.3734775,2.5846819,14:50:17 27 Jul 2020
2020-07-27,1,all,37.117728,33.602459,16.7416,10.607111,14:50:19 27 Jul 2020
2020-07-26,1,all,37.117728,33.602459,16.7416,10.607111,09:40:26 26 Jul 2020
2020-07-26,0,all,56.009345,31.06933,8.5087558,2.5892226,09:40:23 26 Jul 2020
2020-07-25,0,all,56.009345,31.06933,8.5087558,2.5892226,09:40:24 26 Jul 2020
2020-07-25,1,all,37.117728,33.602459,16.7416,10.607111,09:40:28 26 Jul 2020
2020-07-24,0,all,56.009345,31.06933,8.5087558,2.5892226,17:40:15 24 Jul 2020
2020-07-24,1,all,36.886125,33.528251,16.92323,10.577593,17:40:17 24 Jul 2020
2020-07-23,1,all,37.389104,33.193515,16.394752,10.833699,17:00:20 23 Jul 2020
2020-07-23,0,all,55.690561,31.393354,8.6488912,2.6793492,17:00:18 23 Jul 2020
2020-07-22,1,all,35.968375,33.395255,17.260222,11.069081,14:30:16 22 Jul 2020
2020-07-22,0,all,54.813215,31.750249,8.9203513,2.927727,14:30:14 22 Jul 2020
2020-07-21,0,all,54.83324,31.800029,8.5476582,3.1965934,22:05:15 21 Jul 2020
2020-07-21,1,all,35.935889,33.244414,17.016282,11.289044,22:05:17 21 Jul 2020
2020-07-20,0,all,54.333817,32.088064,8.7507963,3.3477779,18:45:14 20 Jul 2020
2020-07-20,1,all,36.09616,33.260848,17.026398,11.145916,18:45:16 20 Jul 2020
2020-07-19,1,all,35.639723,33.431771,17.276306,11.295858,09:05:25 19 Jul 2020
2020-07-19,0,all,54.333817,32.088064,8.7507963,3.3477779,09:05:22 19 Jul 2020
2020-07-18,0,all,54.333817,32.088064,8.7507963,3.3477779,09:05:23 19 Jul 2020
2020-07-18,1,all,35.639723,33.431771,17.276306,11.295858,09:05:27 19 Jul 2020
2020-07-17,0,all,54.333817,32.088064,8.7507963,3.3477779,18:50:15 17 Jul 2020
2020-07-17,1,all,35.639723,33.431771,17.276306,11.295858,18:50:16 17 Jul 2020
2020-07-16,0,all,54.333817,32.088064,8.7507963,3.3477779,16:40:14 16 Jul 2020
2020-07-16,1,all,34.565088,33.9529,18.133767,11.866981,16:40:16 16 Jul 2020
2020-07-15,0,all,54.499124,31.830571,8.7611223,3.3881283,17:10:15 15 Jul 2020
2020-07-15,1,all,33.916076,34.116913,18.419405,12.011495,17:10:17 15 Jul 2020
2020-07-14,0,all,54.499124,31.830571,8.7611223,3.3881283,19:00:15 14 Jul 2020
2020-07-14,1,all,31.591565,34.531769,19.027843,12.835306,19:00:17 14 Jul 2020
2020-07-13,0,all,55.379466,31.115491,8.8337269,3.2460752,16:45:14 13 Jul 2020
2020-07-13,1,all,31.631132,34.547542,19.070344,12.784077,16:45:16 13 Jul 2020
2020-07-12,0,all,55.379466,31.115491,8.8337269,3.2460752,16:35:31 13 Jul 2020
2020-07-12,1,all,31.128285,34.707424,19.327142,12.890865,16:35:36 13 Jul 2020
2020-07-11,0,all,55.379466,31.115491,8.8337269,3.2460752,16:35:32 13 Jul 2020
2020-07-11,1,all,31.128285,34.707424,19.327142,12.890865,16:35:38 13 Jul 2020
2020-07-10,0,all,55.379466,31.115491,8.8337269,3.2460752,10:15:13 10 Jul 2020
2020-07-10,1,all,31.128285,34.707424,19.327142,12.890865,10:15:15 10 Jul 2020
2020-07-09,0,all,55.379466,31.115491,8.8337269,3.2460752,00:25:23 10 Jul 2020
2020-07-09,1,all,30.777769,34.742491,19.548932,12.996663,00:25:27 10 Jul 2020
2020-07-08,0,all,55.379466,31.115491,8.8337269,3.2460752,17:05:14  8 Jul 2020
2020-07-08,1,all,30.777769,34.742491,19.548932,12.996663,17:05:16  8 Jul 2020
2020-07-07,1,all,31.064142,34.661363,19.202494,12.934868,20:15:33  7 Jul 2020
2020-07-07,0,all,55.379466,31.115491,8.8337269,3.2460752,20:15:29  7 Jul 2020
2020-07-06,1,all,30.795733,34.738095,19.411109,13.040988,06:50:50  7 Jul 2020
2020-07-06,0,all,55.418561,30.935159,8.9039877,3.2750739,06:50:43  7 Jul 2020
2020-07-05,1,all,30.795733,34.738095,19.411109,13.040988,06:50:52  7 Jul 2020
2020-07-05,0,all,55.418561,30.935159,8.9039877,3.2750739,06:50:44  7 Jul 2020
2020-07-04,1,all,30.795733,34.738095,19.411109,13.040988,06:50:54  7 Jul 2020
2020-07-04,0,all,53.548657,32.004608,9.4237886,3.4556498,06:50:45  7 Jul 2020
2020-07-03,0,all,53.548657,32.004608,9.4237886,3.4556498,06:50:46  7 Jul 2020
2020-07-03,1,all,30.795733,34.738095,19.411109,13.040988,06:50:56  7 Jul 2020
2020-07-02,1,all,30.795733,34.738095,19.411109,13.040988,17:35:16  2 Jul 2020
2020-07-02,0,all,53.548657,32.004608,9.4237886,3.4556498,17:35:14  2 Jul 2020
2020-07-01,0,all,53.548657,32.004608,9.4237886,3.4556498,20:20:14  1 Jul 2020
2020-07-01,1,all,30.795733,34.738095,19.411109,13.040988,20:20:16  1 Jul 2020
2020-06-30,0,all,53.550118,32.006131,9.1774102,3.6360119,21:15:14 30 Jun 2020
2020-06-30,1,all,29.111353,36.178801,20.666205,12.992771,21:15:15 30 Jun 2020
2020-06-29,0,all,51.010911,33.60732,10.208918,3.4188371,18:35:12 29 Jun 2020
2020-06-29,1,all,28.769671,36.155854,20.901055,13.167323,18:35:14 29 Jun 2020
2020-06-28,0,all,51.010911,33.60732,10.208918,3.4188371,10:40:18 28 Jun 2020
2020-06-28,1,all,28.957378,36.022227,20.950686,13.115901,10:40:21 28 Jun 2020
2020-06-27,1,all,28.957378,36.022227,20.950686,13.115901,10:40:23 28 Jun 2020
2020-06-27,0,all,51.010911,33.60732,10.208918,3.4188371,10:40:19 28 Jun 2020
2020-06-26,1,all,28.189215,36.058777,21.503274,13.285586,19:05:15 26 Jun 2020
2020-06-26,0,all,51.010911,33.60732,10.208918,3.4188371,19:05:13 26 Jun 2020
2020-06-25,0,all,51.010911,33.60732,10.208918,3.4188371,00:25:12 25 Jun 2020
2020-06-25,1,all,27.925207,35.711193,21.554241,13.714249,00:25:14 25 Jun 2020
2020-06-24,0,all,51.262542,33.416113,9.9726304,3.5331484,10:55:13 24 Jun 2020
2020-06-24,1,all,27.893275,35.829639,21.460724,13.728219,10:55:15 24 Jun 2020
2020-06-23,0,all,51.262542,33.416113,9.9726304,3.5331484,19:30:12 23 Jun 2020
2020-06-23,1,all,28.114699,35.598179,21.344716,13.730656,19:30:14 23 Jun 2020
2020-06-22,1,all,28.264291,35.606335,21.305816,13.660725,19:15:15 22 Jun 2020
2020-06-22,0,all,51.142559,33.224654,10.104347,3.9452866,19:15:13 22 Jun 2020
2020-06-21,1,all,28.517001,35.297417,21.030229,14.028976,08:05:22 21 Jun 2020
2020-06-21,0,all,51.142559,33.224654,10.104347,3.9452866,08:05:19 21 Jun 2020
2020-06-20,0,all,51.142559,33.224654,10.104347,3.9452866,08:05:20 21 Jun 2020
2020-06-20,1,all,28.517001,35.297417,21.030229,14.028976,08:05:23 21 Jun 2020
2020-06-19,0,all,51.142559,33.224654,10.104347,3.9452866,18:10:12 19 Jun 2020
2020-06-19,1,all,28.517001,35.297417,21.030229,14.028976,18:10:14 19 Jun 2020
2020-06-18,0,all,51.200113,33.187772,10.171671,3.8185609,15:40:12 18 Jun 2020
2020-06-18,1,all,28.432202,35.376305,21.018437,14.036285,15:40:14 18 Jun 2020
2020-06-17,0,all,51.200113,33.187772,10.171671,3.8185609,10:10:15 17 Jun 2020
2020-06-17,1,all,28.089974,35.75377,21.535309,13.479846,10:10:16 17 Jun 2020
2020-06-16,0,all,51.200113,33.187772,10.171671,3.8185609,19:45:12 16 Jun 2020
2020-06-16,1,all,28.352136,35.71804,21.246513,13.453957,19:45:13 16 Jun 2020
2020-06-15,0,all,51.02643,32.947063,10.245244,3.9759091,17:00:14 15 Jun 2020
2020-06-15,1,all,28.450584,35.757983,21.193771,13.575781,17:00:16 15 Jun 2020
2020-06-14,0,all,50.803102,33.211984,10.592627,3.8652259,11:10:34 15 Jun 2020
2020-06-14,1,all,28.501634,35.680538,21.208355,13.630071,11:10:40 15 Jun 2020
2020-06-13,1,all,28.501634,35.680538,21.208355,13.630071,11:10:42 15 Jun 2020
2020-06-13,0,all,50.803102,33.211984,10.592627,3.8652259,11:10:35 15 Jun 2020
2020-06-12,1,all,28.047086,35.880687,21.758695,13.390416,18:00:15 12 Jun 2020
2020-06-12,0,all,50.803102,33.211984,10.592627,3.8652259,18:00:14 12 Jun 2020
2020-06-11,0,all,50.803102,33.211984,10.592627,3.8652259,18:40:13 11 Jun 2020
2020-06-11,1,all,28.574057,35.566889,21.31032,13.544389,18:40:15 11 Jun 2020
2020-06-10,0,all,51.735238,32.775861,10.003809,3.9098115,17:25:12 10 Jun 2020
2020-06-10,1,all,28.619629,35.688985,21.229445,13.394047,17:25:14 10 Jun 2020
2020-06-09,0,all,51.735238,32.775861,10.003809,3.9098115,21:15:11  9 Jun 2020
2020-06-09,1,all,29.027798,35.66616,20.904957,13.258925,21:15:12  9 Jun 2020
2020-06-08,1,all,29.64931,35.594,20.71441,12.953033,17:05:14  8 Jun 2020
2020-06-08,0,all,53.280986,32.349025,9.2995115,3.2723831,17:05:12  8 Jun 2020
2020-06-07,0,all,53.679146,32.177476,9.1711986,3.2878135,09:05:16  7 Jun 2020
2020-06-07,1,all,29.767526,35.618115,20.691496,12.816532,09:05:18  7 Jun 2020
2020-06-06,0,all,53.679146,32.177476,9.1711986,3.2878135,09:05:17  7 Jun 2020
2020-06-06,1,all,29.767526,35.618115,20.691496,12.816532,09:05:20  7 Jun 2020
2020-06-05,0,all,53.679146,32.177476,9.1711986,3.2878135,16:35:12  5 Jun 2020
2020-06-05,1,all,30.406441,35.392201,20.273112,12.96685,16:35:13  5 Jun 2020
2020-06-04,0,all,53.679146,32.177476,9.1711986,3.2878135,19:25:10  4 Jun 2020
2020-06-04,1,all,30.406441,35.392201,20.273112,12.96685,19:25:11  4 Jun 2020
2020-06-03,1,all,31.582982,35.24027,20.574665,11.518001,17:30:14  3 Jun 2020
2020-06-03,0,all,53.679146,32.177476,9.1711986,3.2878135,17:30:12  3 Jun 2020
2020-06-02,0,all,55.833262,31.177896,8.108494,3.1960046,15:55:12  2 Jun 2020
2020-06-02,1,all,32.082644,35.309326,20.107625,11.420109,15:55:14  2 Jun 2020
2020-06-01,0,all,57.1027,30.635413,8.1130973,2.9632449,18:20:10  1 Jun 2020
2020-06-01,1,all,32.12542,35.29418,20.265175,11.264507,18:20:12  1 Jun 2020
2020-05-31,0,all,56.568104,30.705303,8.4603741,2.9441164,16:45:10 31 May 2020
2020-05-31,1,all,32.583202,35.806215,19.781362,11.065886,16:45:12 31 May 2020
2020-05-30,0,all,56.568104,30.705303,8.4603741,2.9441164,19:15:10 30 May 2020
2020-05-30,1,all,32.583202,35.806215,19.781362,11.065886,19:15:11 30 May 2020
2020-05-29,1,all,32.583202,35.806215,19.781362,11.065886,19:15:11 29 May 2020
2020-05-29,0,all,56.568104,30.705303,8.4603741,2.9441164,19:15:10 29 May 2020
2020-05-28,0,all,56.568104,30.705303,8.4603741,2.9441164,16:15:15 28 May 2020
2020-05-28,1,all,32.532283,35.827844,19.753924,11.107396,16:15:16 28 May 2020
2020-05-27,0,all,56.568104,30.705303,8.4603741,2.9441164,18:55:10 27 May 2020
2020-05-27,1,all,32.632395,35.840133,19.661074,11.097416,18:55:12 27 May 2020
2020-05-26,0,all,56.759255,30.484283,8.516507,2.9193068,22:25:09 26 May 2020
2020-05-26,1,all,32.902524,35.667487,19.464565,11.126705,22:25:10 26 May 2020
2020-05-25,1,all,33.000465,35.680136,19.329843,11.152162,07:30:31 26 May 2020
2020-05-25,0,all,56.731735,30.632183,8.8444108,2.6650006,07:30:26 26 May 2020
2020-05-24,1,all,33.09324,35.614914,19.398545,11.042646,07:30:33 26 May 2020
2020-05-24,0,all,56.731735,30.632183,8.8444108,2.6650006,07:30:27 26 May 2020
2020-05-23,1,all,33.09324,35.614914,19.398545,11.042646,07:30:34 26 May 2020
2020-05-23,0,all,56.731735,30.632183,8.8444108,2.6650006,07:30:28 26 May 2020
2020-05-22,0,all,56.731735,30.632183,8.8444108,2.6650006,19:35:10 22 May 2020
2020-05-22,1,all,33.09324,35.614914,19.398545,11.042646,19:35:12 22 May 2020
2020-05-21,0,all,56.731735,30.632183,8.8444108,2.6650006,18:15:11 21 May 2020
2020-05-21,1,all,32.975016,35.366737,19.577254,11.233354,18:15:12 21 May 2020
2020-05-20,0,all,56.731735,30.632183,8.8444108,2.6650006,18:15:10 20 May 2020
2020-05-20,1,all,33.110292,35.094814,19.721133,11.337914,18:15:12 20 May 2020
2020-05-19,1,all,30.753734,36.317724,20.233431,12.151683,23:55:11 19 May 2020
2020-05-19,0,all,58.12627,29.699593,7.9739589,2.9926162,23:55:10 19 May 2020
2020-05-18,0,all,55.605722,30.937587,8.5689622,3.3159111,16:35:10 18 May 2020
2020-05-18,1,all,30.653207,36.223235,20.333553,12.277826,16:35:11 18 May 2020
2020-05-17,0,all,55.605722,30.937587,8.5689622,3.3159111,12:20:10 17 May 2020
2020-05-17,1,all,31.921953,36.125928,19.716114,11.689733,12:20:11 17 May 2020
2020-05-16,0,all,55.605722,30.937587,8.5689622,3.3159111,08:05:10 16 May 2020
2020-05-16,1,all,31.921953,36.125928,19.716114,11.689733,08:05:11 16 May 2020
2020-05-15,0,all,55.573327,30.9124,8.7112704,3.2200788,15:05:08 15 May 2020
2020-05-15,1,all,31.838945,36.199089,19.740359,11.683738,15:05:09 15 May 2020
2020-05-14,1,all,31.731098,36.250174,19.809888,11.731546,18:00:12 14 May 2020
2020-05-14,0,all,55.577297,30.988506,8.6539788,3.137298,18:00:11 14 May 2020
2020-05-13,0,all,55.64439,30.923093,8.7908402,3.0706678,17:10:09 13 May 2020
2020-05-13,1,all,31.479767,35.992653,20.049036,11.941353,17:10:10 13 May 2020
2020-05-12,0,all,55.903754,30.790191,8.6424016,3.0879324,23:05:09 12 May 2020
2020-05-12,1,all,32.708295,36.02825,19.416241,11.35856,23:05:11 12 May 2020
2020-05-11,0,all,55.067558,31.544267,8.9813184,3.2044838,14:35:09 11 May 2020
2020-05-11,1,all,32.834497,35.970886,19.390422,11.301951,14:35:10 11 May 2020
2020-05-10,0,all,55.067558,31.544267,8.9813184,3.2044838,11:05:14 11 May 2020
2020-05-10,1,all,32.816567,35.953075,19.422994,11.314738,11:05:16 11 May 2020
2020-05-09,1,all,32.005781,36.926379,19.904584,10.629841,07:40:10  9 May 2020
2020-05-09,0,all,55.067558,31.544267,8.9813184,3.2044838,07:40:09  9 May 2020
2020-05-08,0,all,55.149742,31.561404,8.8604195,3.2206276,16:10:10  8 May 2020
2020-05-08,1,all,31.995114,36.913,19.904515,10.632161,16:10:11  8 May 2020
2020-05-07,0,all,55.209089,31.403264,8.9146082,3.2570424,18:50:09  7 May 2020
2020-05-07,1,all,31.006627,37.332181,20.152212,11.010493,18:50:10  7 May 2020
2020-05-06,0,all,55.146994,31.358786,8.9364641,3.3386696,19:45:08  6 May 2020
2020-05-06,1,all,30.660573,37.360991,20.436568,11.101611,19:45:09  6 May 2020
2020-05-05,0,all,56.459974,30.210791,8.857056,3.2781455,19:20:09  5 May 2020
2020-05-05,1,all,30.160456,38.928102,19.945428,10.417537,19:20:10  5 May 2020
2020-05-04,1,all,31.375595,38.446992,20.011603,9.5298665,15:10:12  4 May 2020
2020-05-04,0,all,56.966255,29.726851,8.7266236,3.3017727,15:10:11  4 May 2020
2020-05-03,0,all,56.966255,29.726851,8.7266236,3.3017727,15:40:09  3 May 2020
2020-05-03,1,all,31.373302,38.526123,19.956354,9.5225053,15:40:10  3 May 2020
2020-05-02,0,all,56.966255,29.726851,8.7266236,3.3017727,07:00:10  2 May 2020
2020-05-02,1,all,31.279785,38.479429,20.263981,9.371332,07:00:11  2 May 2020
2020-05-01,0,all,57.021726,29.806858,8.6609931,3.2976355,19:00:09  1 May 2020
2020-05-01,1,all,31.189971,38.591662,20.267373,9.347461,19:00:10  1 May 2020
2020-04-30,0,all,57.129176,29.754365,8.6404195,3.2504886,15:45:09 30 Apr 2020
2020-04-30,1,all,31.081605,38.489262,20.395984,9.4834747,15:45:09 30 Apr 2020
2020-04-29,1,all,30.81259,38.758053,20.486051,9.4559766,17:30:10 29 Apr 2020
2020-04-29,0,all,56.954562,29.879102,8.6840714,3.2539677,17:30:09 29 Apr 2020
2020-04-28,0,all,56.797742,30.084297,8.8643205,2.9713826,23:00:10 28 Apr 2020
2020-04-28,1,all,30.781942,38.757897,20.473387,9.4600028,23:00:11 28 Apr 2020
2020-04-27,0,all,55.613904,31.016987,9.3650708,2.8446749,17:45:08 27 Apr 2020
2020-04-27,1,all,32.335759,38.559291,19.797426,8.7038327,17:45:09 27 Apr 2020
2020-04-26,0,all,54.695862,31.78422,9.7966249,2.9533676,08:05:11 27 Apr 2020
2020-04-26,1,all,32.60568,37.815997,19.994388,8.8993825,08:05:12 27 Apr 2020
2020-04-25,0,all,54.695862,31.78422,9.7966249,2.9533676,07:55:08 25 Apr 2020
2020-04-25,1,all,32.60568,37.815997,19.994388,8.8993825,07:55:09 25 Apr 2020
2020-04-24,1,all,32.596807,37.829933,19.929268,8.9389042,14:10:09 24 Apr 2020
2020-04-24,0,all,55.093169,31.514864,9.7099321,2.9704835,14:10:08 24 Apr 2020
2020-04-23,1,all,32.345584,37.734254,20.04996,9.076144,15:25:08 23 Apr 2020
2020-04-23,0,all,55.19769,31.277705,9.7230732,3.00445,15:25:07 23 Apr 2020
2020-04-22,0,all,55.376078,31.108016,9.6973004,3.0193589,15:55:08 22 Apr 2020
2020-04-22,1,all,32.202039,37.661474,20.192229,9.0835493,15:55:08 22 Apr 2020
2020-04-21,0,all,56.888707,30.586927,8.6787873,2.9738719,21:40:08 21 Apr 2020
2020-04-21,1,all,31.901182,37.634756,20.23673,9.2376939,21:40:09 21 Apr 2020
2020-04-20,0,all,57.850277,29.622583,8.66464,2.8720653,19:15:08 20 Apr 2020
2020-04-20,1,all,34.073216,37.892804,18.89104,7.9452866,19:15:09 20 Apr 2020
2020-04-19,1,all,33.833518,38.092426,19.079587,7.8919244,09:05:08 19 Apr 2020
2020-04-19,0,all,57.043192,29.922808,8.8579152,2.9740339,09:05:08 19 Apr 2020
2020-04-18,0,all,57.043192,29.922808,8.8579152,2.9740339,17:35:07 18 Apr 2020
2020-04-18,1,all,33.706203,37.924524,19.317968,8.0828527,17:35:08 18 Apr 2020
2020-04-17,0,all,56.952778,30.000463,8.9196521,3.0507676,14:30:06 17 Apr 2020
2020-04-17,1,all,33.741089,37.882025,19.308946,8.0852459,14:30:07 17 Apr 2020
2020-04-16,0,all,56.978714,29.867328,8.940358,3.1035411,17:45:07 16 Apr 2020
2020-04-16,1,all,33.736069,37.804236,19.199485,8.1477367,17:45:07 16 Apr 2020
2020-04-15,0,all,56.992024,29.870961,8.7943251,3.1561254,17:00:08 15 Apr 2020
2020-04-15,1,all,36.811698,36.842879,17.132289,7.9718535,17:00:09 15 Apr 2020
2020-04-14,1,all,38.344719,36.642256,16.09089,7.5965934,19:35:07 14 Apr 2020
2020-04-14,0,all,57.159566,29.665565,8.7932075,3.1979079,19:35:07 14 Apr 2020
2020-04-13,1,all,38.79787,36.356667,15.820303,7.7031128,19:05:07 13 Apr 2020
2020-04-13,0,all,57.154326,29.819843,8.8092224,3.0669822,19:05:06 13 Apr 2020
2020-04-12,0,all,56.843724,30.26084,9.0852522,3.0177649,06:50:13 13 Apr 2020
2020-04-12,1,all,37.150252,36.354122,16.773462,8.2610136,06:50:14 13 Apr 2020
2020-04-11,0,all,56.843724,30.26084,9.0852522,3.0177649,07:50:06 11 Apr 2020
2020-04-11,1,all,38.012555,36.800441,16.569675,7.8548123,07:50:07 11 Apr 2020
2020-04-10,0,all,57.06725,30.095193,9.0937099,2.9518285,09:55:07 10 Apr 2020
2020-04-10,1,all,37.999492,36.834147,16.569473,7.8352198,09:55:07 10 Apr 2020
2020-04-09,1,all,37.500457,36.38094,17.087186,8.1516584,18:30:07  9 Apr 2020
2020-04-09,0,all,57.075326,30.131905,9.1004618,2.9470866,18:30:07  9 Apr 2020
2020-04-08,1,all,36.96633,36.130652,17.203993,8.671082,22:10:06  8 Apr 2020
2020-04-08,0,all,56.539081,30.665442,8.9935252,3.0943447,22:10:05  8 Apr 2020
2020-04-07,0,all,54.897678,31.463003,9.611591,3.1513887,23:20:06  7 Apr 2020
2020-04-07,1,all,33.412965,36.373118,18.902791,9.9494827,23:20:06  7 Apr 2020
2020-04-06,0,all,55.311979,31.338252,9.3722758,3.0746686,23:50:06  6 Apr 2020
2020-04-06,1,all,32.982783,36.513441,19.071331,10.106182,23:50:06  6 Apr 2020
2020-04-05,0,all,54.400371,31.799203,9.6014506,3.1591725,10:50:08  6 Apr 2020
2020-04-05,1,all,32.982783,36.513441,19.071331,10.106182,10:50:09  6 Apr 2020
2020-04-04,1,all,32.982783,36.513441,19.071331,10.106182,00:30:06  4 Apr 2020
2020-04-04,0,all,54.400371,31.799203,9.6014506,3.1591725,00:30:06  4 Apr 2020
2020-04-03,0,all,54.462539,31.712841,9.6709547,3.0979517,13:35:06  3 Apr 2020
2020-04-03,1,all,32.9665,36.413921,19.133612,10.14452,13:35:07  3 Apr 2020
2020-04-02,1,all,31.81763,36.3726,19.80058,10.62861,17:46:13  2 Apr 2020
2020-04-02,0,all,54.5601,31.42808,9.623364,3.319085,17:45:54  2 Apr 2020
2020-04-01,1,all,31.81763,36.3726,19.80058,10.62861,17:46:14  2 Apr 2020
2020-04-01,0,all,54.5601,31.42808,9.623364,3.319085,17:45:55  2 Apr 2020
2020-03-31,0,all,55.14687,30.67529,9.485602,3.604705,17:45:55  2 Apr 2020
2020-03-31,1,all,31.53831,36.23717,20.06977,10.73117,17:46:14  2 Apr 2020
2020-03-30,1,all,31.48081,36.19573,20.08361,10.84496,17:46:15  2 Apr 2020
2020-03-30,0,all,55.14687,30.67529,9.485602,3.604705,17:45:56  2 Apr 2020
2020-03-29,0,all,63.37077,25.67033,6.820952,3.483248,17:45:56  2 Apr 2020
2020-03-29,1,all,32.5274,37.45335,20.25546,9.067663,17:46:15  2 Apr 2020
2020-03-28,1,all,30.97512,37.652,21.01104,9.644611,17:46:15  2 Apr 2020
2020-03-28,0,all,55.76489,28.83874,9.314854,5.001129,17:45:56  2 Apr 2020
2020-03-27,1,all,30.5966,37.28209,21.37903,9.982054,17:46:16  2 Apr 2020
2020-03-27,0,all,55.76489,28.83874,9.314854,5.001129,17:45:57  2 Apr 2020
2020-03-26,0,all,55.76489,28.83874,9.314854,5.001129,17:45:57  2 Apr 2020
2020-03-26,1,all,30.51298,37.2417,21.47831,10.00302,17:46:16  2 Apr 2020
2020-03-25,1,all,30.44253,37.22616,21.52938,10.01975,17:46:17  2 Apr 2020
2020-03-25,0,all,54.05219,29.72926,9.848284,5.136967,17:45:58  2 Apr 2020
2020-03-24,0,all,54.05219,29.72926,9.848284,5.136967,17:45:58  2 Apr 2020
2020-03-24,1,all,29.26733,36.11691,22.96114,10.7774,17:46:17  2 Apr 2020
2020-03-23,0,all,52.73412,30.45293,10.28445,5.333936,17:45:59  2 Apr 2020
2020-03-23,1,all,27.9404,36.6573,23.26873,11.04683,17:46:18  2 Apr 2020
2020-03-22,0,all,52.73412,30.45293,10.28445,5.333936,17:45:59  2 Apr 2020
2020-03-22,1,all,27.28671,36.35975,23.72996,11.32055,17:46:18  2 Apr 2020
2020-03-21,1,all,24.29691,37.2181,25.39157,11.64195,17:46:19  2 Apr 2020
2020-03-21,0,all,47.62551,32.997,12.07553,5.92444,17:45:59  2 Apr 2020
2020-03-20,1,all,24.29691,37.2181,25.39157,11.64195,17:46:19  2 Apr 2020
2020-03-20,0,all,47.62551,32.997,12.07553,5.92444,17:46:00  2 Apr 2020
2020-03-19,1,all,24.29691,37.2181,25.39157,11.64195,17:46:19  2 Apr 2020
2020-03-19,0,all,45.38528,34.18507,12.70884,6.211256,17:46:00  2 Apr 2020
2020-03-18,1,all,23.46276,34.76722,26.64241,13.64039,17:46:20  2 Apr 2020
2020-03-18,0,all,45.38528,34.18507,12.70884,6.211256,17:46:01  2 Apr 2020
2020-03-17,0,all,44.04733,34.81139,12.98826,6.417843,17:46:01  2 Apr 2020
2020-03-17,1,all,23.46276,34.76722,26.64241,13.64039,17:46:20  2 Apr 2020
2020-03-16,0,all,42.46375,35.49059,13.57028,6.670887,17:46:02  2 Apr 2020
2020-03-16,1,all,23.74623,34.44712,26.40847,13.77206,17:46:21  2 Apr 2020
2020-03-15,1,all,23.27218,34.20933,26.65161,14.2085,17:46:21  2 Apr 2020
2020-03-15,0,all,37.13918,37.96914,15.01443,7.490304,17:46:02  2 Apr 2020
2020-03-14,1,all,22.14673,33.64861,28.11237,14.37209,17:46:22  2 Apr 2020
2020-03-14,0,all,34.88319,38.08405,15.9141,8.212915,17:46:02  2 Apr 2020
2020-03-13,0,all,34.09245,38.4781,16.53161,8.28289,17:46:03  2 Apr 2020
2020-03-13,1,all,22.14673,33.64861,28.11237,14.37209,17:46:22  2 Apr 2020
2020-03-12,1,all,22.32016,33.02826,28.9935,14.40557,17:46:22  2 Apr 2020
2020-03-12,0,all,34.21951,36.67172,18.38413,7.946908,17:46:03  2 Apr 2020
2020-03-11,1,all,22.4244,31.26108,30.29826,15.62325,17:46:23  2 Apr 2020
2020-03-11,0,all,34.21951,36.67172,18.38413,7.946908,17:46:04  2 Apr 2020
2020-03-10,0,all,34.21951,36.67172,18.38413,7.946908,17:46:04  2 Apr 2020
2020-03-10,1,all,22.10178,31.99989,28.88765,16.59942,17:46:23  2 Apr 2020
2020-03-09,0,all,33.85994,36.65052,18.78105,8.071594,17:46:05  2 Apr 2020
2020-03-09,1,all,22.4908,31.72139,28.51094,16.74567,17:46:24  2 Apr 2020
2020-03-08,0,all,33.83747,36.61839,19.02329,8.326152,17:46:05  2 Apr 2020
2020-03-08,1,all,20.62768,31.46883,29.76527,17.3044,17:46:24  2 Apr 2020
2020-03-07,0,all,33.17934,36.48302,19.92439,7.631758,17:46:05  2 Apr 2020
2020-03-07,1,all,19.82386,28.96277,32.97747,17.23682,17:46:25  2 Apr 2020
2020-03-06,0,all,33.17934,36.48302,19.92439,7.631758,17:46:06  2 Apr 2020
2020-03-06,1,all,19.82386,28.96277,32.97747,17.23682,17:46:25  2 Apr 2020
2020-03-05,1,all,19.82386,28.96277,32.97747,17.23682,17:46:25  2 Apr 2020
2020-03-05,0,all,33.17934,36.48302,19.92439,7.631758,17:46:06  2 Apr 2020
2020-03-04,0,all,32.43756,35.37135,20.94713,8.149701,17:46:06  2 Apr 2020
2020-03-04,1,all,19.82386,28.96277,32.97747,17.23682,17:46:26  2 Apr 2020
2020-03-03,1,all,19.82386,28.96277,32.97747,17.23682,17:46:26  2 Apr 2020
2020-03-03,0,all,32.43756,35.37135,20.94713,8.149701,17:46:07  2 Apr 2020
2020-03-02,1,all,17.90033,24.96559,35.13448,20.38884,17:46:27  2 Apr 2020
2020-03-02,0,all,28.73197,34.83743,21.58282,10.18496,17:46:07  2 Apr 2020
2020-03-01,1,all,17.90033,24.96559,35.13448,20.38884,17:46:27  2 Apr 2020
2020-03-01,0,all,28.73197,34.83743,21.58282,10.18496,17:46:08  2 Apr 2020
2020-02-29,0,all,25.62871,35.5055,24.18785,11.32783,17:46:08  2 Apr 2020
2020-02-29,1,all,17.90033,24.96559,35.13448,20.38884,17:46:27  2 Apr 2020
2020-02-28,1,all,17.90033,24.96559,35.13448,20.38884,17:46:28  2 Apr 2020
2020-02-28,0,all,25.62871,35.5055,24.18785,11.32783,17:46:08  2 Apr 2020
2020-02-27,0,all,25.62871,35.5055,24.18785,11.32783,17:46:09  2 Apr 2020
2020-02-27,1,all,17.55785,24.40722,36.65177,20.91708,17:46:28  2 Apr 2020
2020-02-26,1,all,17.55785,24.40722,36.65177,20.91708,17:46:28  2 Apr 2020
2020-02-26,0,all,25.62871,35.5055,24.18785,11.32783,17:46:09  2 Apr 2020
2020-02-25,1,all,17.55785,24.40722,36.65177,20.91708,17:46:29  2 Apr 2020
2020-02-25,0,all,22.2899,34.34493,27.1253,13.61984,17:46:09  2 Apr 2020
2020-02-24,0,all,22.2899,34.34493,27.1253,13.61984,17:46:10  2 Apr 2020
2020-02-24,1,all,18.43492,23.51789,36.31841,20.99664,17:46:29  2 Apr 2020
2020-02-23,0,all,22.2899,34.34493,27.1253,13.61984,17:46:10  2 Apr 2020
2020-02-23,1,all,18.43492,23.51789,36.31841,20.99664,17:46:30  2 Apr 2020
2020-02-22,0,all,22.2899,34.34493,27.1253,13.61984,17:46:10  2 Apr 2020
2020-02-22,1,all,18.43492,23.51789,36.31841,20.99664,17:46:30  2 Apr 2020
2020-02-21,0,all,22.2899,34.34493,27.1253,13.61984,17:46:11  2 Apr 2020
2020-02-21,1,all,18.43492,23.51789,36.31841,20.99664,17:46:30  2 Apr 2020
2020-02-20,0,all,22.2899,34.34493,27.1253,13.61984,17:46:11  2 Apr 2020
2020-02-20,1,all,18.43492,23.51789,36.31841,20.99664,17:46:31  2 Apr 2020
2020-02-19,1,all,18.43492,23.51789,36.31841,20.99664,17:46:31  2 Apr 2020
2020-02-19,0,all,22.2899,34.34493,27.1253,13.61984,17:46:12  2 Apr 2020
2020-02-18,1,all,18.43492,23.51789,36.31841,20.99664,17:46:32  2 Apr 2020
2020-02-18,0,all,22.2899,34.34493,27.1253,13.61984,17:46:12  2 Apr 2020
2020-02-17,0,all,22.7564,32.28901,24.01514,8.969726,17:46:12  2 Apr 2020
2020-02-17,1,all,16.4273,24.80625,37.79734,19.74481,17:46:32  2 Apr 2020
2020-02-16,0,all,22.7564,32.28901,24.01514,8.969726,17:46:12  2 Apr 2020
2020-02-16,1,all,16.4273,24.80625,37.79734,19.74481,17:46:32  2 Apr 2020
2020-02-15,0,all,22.7564,32.28901,24.01514,8.969726,17:46:12  2 Apr 2020
2020-02-15,1,all,11.7618,26.27597,39.08025,19.99529,17:46:33  2 Apr 2020
