election_cycle,race_type,name_incumbent,name_challenger,name_third,win_ec_incumbent,win_ec_challenger,win_ec_third,win_ec_none,win_pop_incumbent,win_pop_challenger,win_pop_third,votes_ec_incumbent,votes_ec_challenger,votes_ec_third,votes_ec_lo_incumbent,votes_ec_lo_challenger,votes_ec_lo_third,votes_ec_hi_incumbent,votes_ec_hi_challenger,votes_ec_hi_third,voteshare_nat_incumbent,voteshare_nat_challenger,voteshare_nat_third,voteshare_nat_other,voteshare_nat_lo_incumbent,voteshare_nat_lo_challenger,voteshare_nat_lo_third,voteshare_nat_lo_other,voteshare_nat_hi_incumbent,voteshare_nat_hi_challenger,voteshare_nat_hi_third,voteshare_nat_hi_other,model,date_modeled,simulation_timestamp,simulation_count
2020,President,Trump,Biden,,0.2197,0.7756,,0.0047,0.105025,0.894975,,206.6381,331.3619,,111.0,225,,313,427.0,,45.81521,52.8941,,1.29069,49.25216,42.21351,,0.6933518,49.45233,56.5064,,1.972729,1,2020-09-27,20:00:04 27 Sep 2020,40000
2020,President,Trump,Biden,,0.225325,0.769675,,0.005,0.109125,0.890875,,207.176,330.824,,110.0,222,,316,428.0,,45.85375,52.85458,,1.291674,49.18813,42.22554,,0.6933294,49.51593,56.49204,,1.974954,1,2020-09-26,19:00:04 26 Sep 2020,40000
2020,President,Trump,Biden,,0.2281,0.76685,,0.00505,0.110725,0.889275,,207.5498,330.4502,,110.0,222,,316,428.0,,45.85934,52.84624,,1.294419,49.15376,42.20478,,0.6950172,49.54781,56.51155,,1.978868,1,2020-09-25,22:17:03 25 Sep 2020,40000
2020,President,Trump,Biden,,0.229275,0.766175,,0.00455,0.118775,0.881225,,208.0136,329.9864,,110.5,223,,315,427.5,,45.95837,52.74192,,1.299711,49.02992,42.28753,,0.6993086,49.65797,56.42416,,1.985058,1,2020-09-24,19:10:02 24 Sep 2020,40000
2020,President,Trump,Biden,,0.22235,0.772925,,0.004725,0.114775,0.885225,,206.3262,331.6738,,109.0,226,,312,429.0,,45.86427,52.83279,,1.302942,49.07958,42.15812,,0.7010441,49.60622,56.55154,,1.989995,1,2020-09-23,20:53:03 23 Sep 2020,40000
2020,President,Trump,Biden,,0.226,0.7686,,0.0054,0.1187,0.8813,,205.9798,332.0203,,110.0,225,,313,428.0,,45.89769,52.81616,,1.286152,49.03062,42.15979,,0.6867073,49.66927,56.57026,,1.970988,1,2020-09-22,19:00:04 22 Sep 2020,40000
2020,President,Trump,Biden,,0.22535,0.769225,,0.005425,0.119675,0.880325,,206.3478,331.6522,,109.0,226,,312,429.0,,45.87987,52.82855,,1.291579,49.01251,42.10999,,0.6906254,49.68482,56.61564,,1.977731,1,2020-09-21,19:00:04 21 Sep 2020,40000
2020,President,Trump,Biden,,0.225775,0.76835,,0.005875,0.12435,0.87565,,207.4107,330.5893,,111.0,224,,314,427.0,,45.92939,52.77768,,1.29294,48.94392,42.13705,,0.691234,49.75729,56.5852,,1.980419,1,2020-09-20,22:02:03 20 Sep 2020,40000
2020,President,Trump,Biden,,0.223425,0.771425,,0.00515,0.12565,0.87435,,207.3957,330.6043,,110.0,223,,315,428.0,,45.906,52.79246,,1.301542,48.91676,42.07742,,0.697998,49.77435,56.64014,,1.990523,1,2020-09-19,19:00:04 19 Sep 2020,40000
2020,President,Trump,Biden,,0.22725,0.768,,0.00475,0.127675,0.872325,,207.7489,330.251,,110.0,222,,316,428.0,,45.91582,52.78104,,1.303142,48.88648,42.06271,,0.6987849,49.80641,56.64479,,1.993226,1,2020-09-18,19:20:04 18 Sep 2020,40000
2020,President,Trump,Biden,,0.2368,0.7579,,0.0053,0.134,0.866,,209.9885,328.0115,,112.0,219,,319,426.0,,46.01027,52.68349,,1.306233,48.77401,42.11573,,0.6977358,49.90779,56.57381,,1.995845,1,2020-09-17,19:00:03 17 Sep 2020,40000
2020,President,Trump,Biden,,0.233525,0.760775,,0.0057,0.1352,0.8648,,208.9003,329.0998,,110.0,220,,318,428.0,,46.00893,52.68781,,1.303264,48.76082,42.07764,,0.6898334,49.93647,56.61147,,1.992312,1,2020-09-16,23:12:03 16 Sep 2020,40000
2020,President,Trump,Biden,,0.23765,0.757575,,0.004775,0.13375,0.86625,,208.39,329.61,,109.0,217,,321,429.0,,45.94145,52.75442,,1.30413,48.79145,41.97375,,0.697407,49.91407,56.70913,,1.988386,1,2020-09-15,23:33:03 15 Sep 2020,40000
2020,President,Trump,Biden,,0.239225,0.755925,,0.00485,0.13615,0.86385,,208.9357,329.0644,,110.0,217,,321,428.0,,45.95493,52.74354,,1.301532,48.73645,41.9717,,0.6954645,49.95798,56.73676,,1.989021,1,2020-09-14,23:33:03 14 Sep 2020,40000
2020,President,Trump,Biden,,0.24095,0.754475,,0.004575,0.133125,0.866875,,208.5953,329.4047,,109.0,217,,321,429.0,,45.92501,52.75882,,1.316178,48.75369,41.92576,,0.7045135,49.90557,56.75976,,2.004302,1,2020-09-13,19:00:03 13 Sep 2020,40000
2020,President,Trump,Biden,,0.24515,0.749775,,0.005075,0.14015,0.85985,,209.328,328.672,,108.0,214,,324,430.0,,45.9426,52.72985,,1.327547,48.66277,41.8729,,0.7139139,50.02527,56.81329,,2.023891,1,2020-09-12,19:00:04 12 Sep 2020,40000
2020,President,Trump,Biden,,0.2405,0.754575,,0.004925,0.13445,0.86555,,207.9071,330.0929,,107.0,216,,322,431.0,,45.8877,52.7874,,1.324906,48.74033,41.81036,,0.7070763,49.93175,56.85209,,2.017633,1,2020-09-11,19:00:03 11 Sep 2020,40000
2020,President,Trump,Biden,,0.248775,0.7457,,0.005525,0.14265,0.85735,,210.1214,327.8786,,109.0,213,,325,429.0,,45.97954,52.6937,,1.326768,48.6067,41.89537,,0.7108803,50.05628,56.78706,,2.019654,1,2020-09-10,21:47:02 10 Sep 2020,40000
2020,President,Trump,Biden,,0.253625,0.741525,,0.00485,0.148775,0.851225,,210.8713,327.1287,,109.0,211,,327,429.0,,45.98954,52.679,,1.331467,48.52128,41.85178,,0.7127523,50.16024,56.81424,,2.023555,1,2020-09-09,23:52:03  9 Sep 2020,40000
2020,President,Trump,Biden,,0.282475,0.711825,,0.0057,0.161975,0.838025,,216.7224,321.2776,,110.0,210,,328,428.0,,46.18364,52.48886,,1.327493,48.33362,42.06158,,0.7052364,50.35461,56.61628,,2.03035,1,2020-09-08,22:02:02  8 Sep 2020,40000
2020,President,Trump,Biden,,0.284875,0.710275,,0.00485,0.164975,0.835025,,216.9577,321.0423,,111.0,209,,329,427.0,,46.20694,52.46479,,1.328264,48.26233,42.04342,,0.7086886,50.39727,56.65034,,2.025721,1,2020-09-07,21:01:02  7 Sep 2020,40000
2020,President,Trump,Biden,,0.2859,0.708875,,0.005225,0.1639,0.8361,,216.8837,321.1162,,110.0,207,,331,428.0,,46.12992,52.54525,,1.324825,48.28846,41.9192,,0.7062308,50.38704,56.75129,,2.022276,1,2020-09-06,21:06:02  6 Sep 2020,40000
2020,President,Trump,Biden,,0.29205,0.7034,,0.00455,0.16445,0.83555,,218.0766,319.9235,,112.0,207,,331,426.0,,46.18348,52.48306,,1.333467,48.27627,41.95213,,0.7113791,50.39506,56.69505,,2.040212,1,2020-09-05,22:17:02  5 Sep 2020,40000
2020,President,Trump,Biden,,0.286825,0.7081,,0.005075,0.163225,0.836775,,217.0903,320.9097,,111.0,207,,331,427.0,,46.14719,52.52046,,1.33235,48.30067,41.94962,,0.7106224,50.36639,56.72763,,2.035542,1,2020-09-04,22:34:02  4 Sep 2020,40000
2020,President,Trump,Biden,,0.293225,0.7013,,0.005475,0.170675,0.829325,,218.8657,319.1343,,111.0,205,,333,427.0,,46.20557,52.46091,,1.333524,48.18411,41.92551,,0.7098449,50.47948,56.76775,,2.024914,1,2020-09-03,21:55:03  3 Sep 2020,40000
2020,President,Trump,Biden,,0.2919,0.703325,,0.004775,0.17235,0.82765,,218.8979,319.1021,,111.0,205,,333,427.0,,46.21046,52.45839,,1.331147,48.1503,41.92453,,0.6999681,50.49683,56.77116,,2.043273,1,2020-09-02,21:52:26  2 Sep 2020,40000
2020,President,Trump,Biden,,0.30725,0.6881,,0.00465,0.18885,0.81115,,222.6908,315.3092,,113.0,201,,337,425.0,,46.3896,52.28353,,1.326867,47.95645,42.08624,,0.7005318,50.72521,56.5868,,2.036718,1,2020-09-01,19:06:02  1 Sep 2020,40000
2020,President,Trump,Biden,,0.321275,0.673975,,0.00475,0.192075,0.807925,,225.0621,312.938,,114.0,201,,337,424.0,,46.46019,52.21549,,1.324315,47.90186,42.11338,,0.6925172,50.76779,56.56361,,2.049913,1,2020-08-31,19:00:04 31 Aug 2020,40000
2020,President,Trump,Biden,,0.3094,0.6865,,0.0041,0.1879,0.8121,,221.8873,316.1126,,110.0,201,,337,428.0,,46.30907,52.34467,,1.346259,47.88278,41.85261,,0.7144256,50.7851,56.75874,,2.057022,1,2020-08-30,20:23:02 30 Aug 2020,40000
2020,President,Trump,Biden,,0.307525,0.6882,,0.004275,0.188325,0.811675,,220.7868,317.2131,,109.0,201,,337,429.0,,46.26345,52.40189,,1.334657,47.88276,41.77486,,0.7007713,50.76155,56.91839,,2.051201,1,2020-08-29,19:00:02 29 Aug 2020,40000
2020,President,Trump,Biden,,0.3035,0.692525,,0.003975,0.186225,0.813775,,220.4639,317.5361,,109.0,201,,337,429.0,,46.2587,52.40611,,1.33519,47.90101,41.81157,,0.7022665,50.75557,56.87645,,2.055656,1,2020-08-28,19:00:03 28 Aug 2020,40000
2020,President,Trump,Biden,,0.2994,0.6964,,0.0042,0.182875,0.817125,,220.3914,317.6086,,110.0,202,,336,428.0,,46.28278,52.39348,,1.323738,47.98074,41.89773,,0.6946608,50.70728,56.78292,,2.031385,1,2020-08-27,19:00:04 27 Aug 2020,40000
2020,President,Trump,Biden,,0.30055,0.69555,,0.0039,0.185375,0.814625,,220.8551,317.1448,,110.0,201,,337,428.0,,46.30215,52.37099,,1.326856,47.91171,41.88205,,0.6934588,50.74532,56.80884,,2.043283,1,2020-08-26,19:01:03 26 Aug 2020,40000
2020,President,Trump,Biden,,0.27045,0.725875,,0.003675,0.16285,0.83715,,213.9388,324.0612,,106.0,207,,331,432.0,,46.02112,52.67421,,1.304669,48.26421,41.6248,,0.6764926,50.4388,57.08401,,2.018928,1,2020-08-25,23:50:03 25 Aug 2020,40000
2020,President,Trump,Biden,,0.269575,0.726975,,0.00345,0.165475,0.834525,,213.7483,324.2517,,106.0,206,,332,432.0,,46.021,52.67212,,1.306889,48.18879,41.58252,,0.6792486,50.49995,57.11697,,2.018909,1,2020-08-24,20:38:02 24 Aug 2020,40000
2020,President,Trump,Biden,,0.2673,0.729625,,0.003075,0.166625,0.833375,,212.5292,325.4708,,103.0,207,,331,435.0,,45.96653,52.73164,,1.301827,48.20748,41.44489,,0.6702565,50.48808,57.27232,,2.018991,1,2020-08-23,19:00:03 23 Aug 2020,40000
2020,President,Trump,Biden,,0.271,0.7255,,0.0035,0.1667,0.8333,,213.3921,324.6079,,105.0,207,,331,433.0,,46.01094,52.69307,,1.296,48.20979,41.51054,,0.6636156,50.45963,57.18472,,2.007976,1,2020-08-22,19:00:03 22 Aug 2020,40000
2020,President,Trump,Biden,,0.267575,0.72875,,0.003675,0.16485,0.83515,,213.0551,324.9449,,105.0,207,,331,433.0,,45.99585,52.71219,,1.291965,48.24926,41.53521,,0.6572114,50.45788,57.17679,,2.007226,1,2020-08-21,19:26:02 21 Aug 2020,40000
2020,President,Trump,Biden,,0.27365,0.722825,,0.003525,0.1677,0.8323,,215.0446,322.9554,,107.0,205,,333,431.0,,46.07849,52.63926,,1.282259,48.17797,41.65974,,0.655274,50.51525,57.06075,,1.995835,1,2020-08-20,19:00:04 20 Aug 2020,40000
2020,President,Trump,Biden,,0.278625,0.717275,,0.0041,0.17315,0.82685,,216.3484,321.6516,,109.0,203,,335,429.0,,46.13017,52.58604,,1.283783,48.12635,41.6842,,0.6547295,50.59136,57.03696,,2.001753,1,2020-08-19,23:52:08 19 Aug 2020,40000
2020,President,Trump,Biden,,0.26775,0.7291,,0.00315,0.166375,0.833625,,214.7168,323.2832,,108.0,205,,333,430.0,,46.08685,52.6301,,1.283045,48.22936,41.67652,,0.6494714,50.46551,57.04149,,1.993258,1,2020-08-18,19:23:03 18 Aug 2020,40000
2020,President,Trump,Biden,,0.2724,0.72375,,0.00385,0.16975,0.83025,,215.2729,322.7271,,107.0,205,,333,431.0,,46.10958,52.61044,,1.279983,48.18307,41.6344,,0.6515047,50.53724,57.08716,,1.995751,1,2020-08-17,22:43:02 17 Aug 2020,40000
2020,President,Trump,Biden,,0.282075,0.7145,,0.003425,0.175925,0.824075,,215.5538,322.4463,,107.0,202,,336,431.0,,46.16774,52.54878,,1.283478,48.06044,41.68126,,0.6544272,50.68077,57.06306,,2.005195,1,2020-08-16,20:17:02 16 Aug 2020,40000
2020,President,Trump,Biden,,0.27745,0.71915,,0.0034,0.17285,0.82715,,213.2509,324.7491,,104.0,203,,335,434.0,,46.05632,52.651,,1.292678,48.0732,41.49172,,0.6589594,50.63273,57.21465,,2.011152,1,2020-08-15,19:00:05 15 Aug 2020,40000
2020,President,Trump,Biden,,0.267475,0.72925,,0.003275,0.1657,0.8343,,211.6081,326.3919,,105.0,205,,333,433.0,,45.98938,52.71326,,1.297362,48.21701,41.51923,,0.66329,50.49768,57.17666,,2.015094,1,2020-08-14,19:00:02 14 Aug 2020,40000
2020,President,Trump,Biden,,0.2752,0.7216,,0.0032,0.177575,0.822425,,213.7498,324.2502,,104.0,202,,336,434.0,,46.11533,52.59297,,1.291699,48.04206,41.58178,,0.6602212,50.64245,57.13207,,2.010199,1,2020-08-13,21:50:04 13 Aug 2020,40000
2020,President,Trump,Biden,,0.28765,0.70875,,0.0036,0.18305,0.81695,,215.1911,322.8088,,105.0,201,,337,433.0,,46.17112,52.52475,,1.304139,47.97743,41.56429,,0.6663016,50.70852,57.11084,,2.027544,1,2020-08-12,23:41:03 12 Aug 2020,40000
2020,President,Trump,Biden,,0.2866,0.71025,,0.00315,0.190525,0.809475,,214.9498,323.0502,,105.0,201,,337,433.0,,46.20192,52.49453,,1.303546,47.85249,41.59494,,0.6627616,50.83683,57.10124,,2.028735,1,2020-08-11,19:08:03 11 Aug 2020,40000
2020,President,Trump,Biden,,0.28395,0.712875,,0.003175,0.19075,0.80925,,214.5426,323.4573,,103.0,201,,337,435.0,,46.19029,52.49098,,1.318731,47.82245,41.55241,,0.6770315,50.86157,57.14674,,2.03493,1,2020-08-10,23:50:02 10 Aug 2020,40000
2020,President,Trump,Biden,,0.287175,0.709125,,0.0037,0.194675,0.805325,,215.6911,322.3089,,105.0,199,,339,433.0,,46.24909,52.43238,,1.318526,47.72408,41.57322,,0.6778314,50.95182,57.08838,,2.041819,1,2020-08-09,10:15:37 10 Aug 2020,40000
2020,President,Trump,Biden,,0.2912,0.7055,,0.0033,0.196425,0.803575,,216.0827,321.9173,,105.0,199,,339,433.0,,46.26159,52.41681,,1.321599,47.74853,41.58996,,0.6818589,50.90287,57.07491,,2.040766,1,2020-08-08,10:19:17 10 Aug 2020,40000
2020,President,Trump,Biden,,0.29715,0.6992,,0.00365,0.20105,0.79895,,217.1632,320.8368,,104.0,198,,340,434.0,,46.29543,52.38504,,1.31953,47.65911,41.58004,,0.6830333,51.01738,57.09568,,2.049613,1,2020-08-07,10:19:37 10 Aug 2020,40000
2020,President,Trump,Biden,,0.2932,0.703325,,0.003475,0.199275,0.800725,,216.8208,321.1793,,105.0,197,,341,433.0,,46.28619,52.39062,,1.323194,47.63836,41.55771,,0.6809334,51.04249,57.13195,,2.040946,1,2020-08-06,10:19:52 10 Aug 2020,40000
2020,President,Trump,Biden,,0.297725,0.698925,,0.00335,0.20245,0.79755,,217.515,320.485,,105.0,197,,341,433.0,,46.31205,52.36253,,1.32542,47.58785,41.55804,,0.6848398,51.07544,57.09853,,2.043509,1,2020-08-05,10:19:56 10 Aug 2020,40000
2020,President,Trump,Biden,,0.2804,0.716625,,0.002975,0.1844,0.8156,,212.0597,325.9403,,103.0,201,,337,435.0,,46.10718,52.57859,,1.314234,47.88954,41.43733,,0.6713542,50.79708,57.24018,,2.051642,1,2020-08-04,10:22:17 10 Aug 2020,40000
2020,President,Trump,Biden,,0.28325,0.712975,,0.003775,0.1875,0.8125,,212.9614,325.0386,,103.0,201,,337,435.0,,46.13739,52.54492,,1.317685,47.84332,41.4584,,0.6747655,50.85131,57.25592,,2.043417,1,2020-08-03,10:25:40 10 Aug 2020,40000
2020,President,Trump,Biden,,0.283925,0.712425,,0.00365,0.187975,0.812025,,213.0605,324.9395,,103.0,200,,338,435.0,,46.13912,52.54113,,1.319745,47.76087,41.42797,,0.6751224,50.89564,57.26371,,2.046737,1,2020-08-02,10:26:03 10 Aug 2020,40000
2020,President,Trump,Biden,,0.286075,0.710875,,0.00305,0.188825,0.811175,,212.7638,325.2362,,102.0,200,,338,436.0,,46.11985,52.56147,,1.318686,47.80448,41.35671,,0.6773493,50.86026,57.29603,,2.046081,1,2020-08-01,10:26:11 10 Aug 2020,40000
2020,President,Trump,Biden,,0.2867,0.710125,,0.003175,0.190775,0.809225,,213.5757,324.4243,,102.0,198,,340,436.0,,46.14778,52.53598,,1.316235,47.77644,41.40097,,0.6756095,50.89336,57.31334,,2.039262,1,2020-07-31,10:26:36 10 Aug 2020,40000
2020,President,Trump,Biden,,0.2609,0.7359,,0.0032,0.168075,0.831925,,208.4238,329.5762,,102.0,204,,334,436.0,,45.93544,52.74822,,1.316337,48.10459,41.39065,,0.6791376,50.53705,57.31424,,2.040273,1,2020-07-30,10:28:57 10 Aug 2020,40000
2020,President,Trump,Biden,,0.266675,0.729925,,0.0034,0.170825,0.829175,,209.04,328.96,,100.0,203,,335,438.0,,45.92358,52.74941,,1.327006,48.10526,41.25378,,0.682309,50.5773,57.41732,,2.056378,1,2020-07-29,10:32:02 10 Aug 2020,40000
2020,President,Trump,Biden,,0.260625,0.7363,,0.003075,0.1666,0.8334,,207.1326,330.8674,,98.0,205,,333,440.0,,45.85881,52.81291,,1.328276,48.15805,41.1924,,0.6911978,50.51357,57.47815,,2.047201,1,2020-07-28,10:32:31 10 Aug 2020,40000
2020,President,Trump,Biden,,0.26675,0.729775,,0.003475,0.173875,0.826125,,208.6976,329.3023,,100.0,202,,336,438.0,,45.91749,52.74271,,1.339798,48.00462,41.17569,,0.6958647,50.67381,57.51265,,2.069063,1,2020-07-27,10:32:26 10 Aug 2020,40000
2020,President,Trump,Biden,,0.267475,0.729375,,0.00315,0.178825,0.821175,,208.3017,329.6984,,99.0,202,,336,439.0,,45.97368,52.68783,,1.338491,47.95403,41.2672,,0.6963304,50.72295,57.42074,,2.060007,1,2020-07-26,10:33:13 10 Aug 2020,40000
2020,President,Trump,Biden,,0.262025,0.735,,0.002975,0.180675,0.819325,,209.0473,328.9527,,99.0,201,,337,439.0,,45.99001,52.67056,,1.339427,47.85799,41.24988,,0.6928883,50.81696,57.41073,,2.067447,1,2020-07-25,10:35:37 10 Aug 2020,40000
2020,President,Trump,Biden,,0.270275,0.7265,,0.003225,0.183275,0.816725,,209.7756,328.2244,,98.0,201,,337,440.0,,45.99775,52.66726,,1.334995,47.82852,41.15303,,0.6884896,50.81271,57.48201,,2.060524,1,2020-07-24,10:38:25 10 Aug 2020,40000
2020,President,Trump,Biden,,0.2641,0.732575,,0.003325,0.181825,0.818175,,207.8097,330.1903,,97.0,203,,335,441.0,,45.94709,52.71225,,1.34066,47.90079,41.13475,,0.6927854,50.77929,57.56994,,2.080228,1,2020-07-23,10:38:51 10 Aug 2020,40000
2020,President,Trump,Biden,,0.252225,0.745,,0.002775,0.178925,0.821075,,206.5702,331.4298,,97.0,203,,335,441.0,,45.89418,52.77857,,1.327248,47.8844,41.08658,,0.6800984,50.78386,57.5659,,2.062582,1,2020-07-22,10:38:41 10 Aug 2020,40000
2020,President,Trump,Biden,,0.2583,0.73915,,0.00255,0.185725,0.814275,,208.3234,329.6766,,97.0,201,,337,441.0,,45.95774,52.70412,,1.338143,47.79524,41.06457,,0.6910916,50.84897,57.6297,,2.07406,1,2020-07-21,10:39:48 10 Aug 2020,40000
2020,President,Trump,Biden,,0.24955,0.74795,,0.0025,0.1779,0.8221,,205.582,332.418,,94.0,203,,335,444.0,,45.83913,52.83022,,1.330654,47.89375,40.92534,,0.682163,50.79581,57.7626,,2.062026,1,2020-07-20,10:42:12 10 Aug 2020,40000
2020,President,Trump,Biden,,0.2566,0.7408,,0.0026,0.180875,0.819125,,206.8156,331.1844,,95.0,204,,334,443.0,,45.89302,52.79765,,1.309328,47.88055,40.96729,,0.6704755,50.81057,57.69178,,2.04199,1,2020-07-19,10:44:46 10 Aug 2020,40000
2020,President,Trump,Biden,,0.26135,0.7356,,0.00305,0.181425,0.818575,,207.1693,330.8307,,93.0,203,,335,445.0,,45.889,52.79903,,1.311972,47.86944,40.9453,,0.6680883,50.83132,57.75053,,2.044307,1,2020-07-18,10:45:11 10 Aug 2020,40000
2020,President,Trump,Biden,,0.2623,0.73485,,0.00285,0.182225,0.817775,,206.6574,331.3426,,94.0,203,,335,444.0,,45.89483,52.78936,,1.315802,47.8424,40.9332,,0.6671382,50.84206,57.7688,,2.05507,1,2020-07-17,10:44:52 10 Aug 2020,40000
2020,President,Trump,Biden,,0.25935,0.73795,,0.0027,0.18045,0.81955,,205.8413,332.1587,,93.0,203,,335,445.0,,45.83747,52.84692,,1.315601,47.90779,40.86111,,0.6639907,50.77852,57.80231,,2.064911,1,2020-07-16,10:46:23 10 Aug 2020,40000
2020,President,Trump,Biden,,0.2392,0.758,,0.0028,0.1648,0.8352,,202.8228,335.1772,,94.0,208,,330,444.0,,45.71204,52.97364,,1.314317,48.11746,40.9049,,0.6696864,50.58324,57.78214,,2.057694,1,2020-07-15,10:48:47 10 Aug 2020,40000
2020,President,Trump,Biden,,0.258525,0.7385,,0.002975,0.1793,0.8207,,205.0833,332.9167,,92.0,203,,335,446.0,,45.80495,52.87408,,1.320971,47.87369,40.81569,,0.6724886,50.81122,57.86454,,2.058922,1,2020-07-14,10:51:08 10 Aug 2020,40000
2020,President,Trump,Biden,,0.258175,0.73885,,0.002975,0.177825,0.822175,,204.7945,333.2055,,92.0,203,,335,446.0,,45.78563,52.89586,,1.318501,47.83879,40.74932,,0.6674164,50.83285,57.92501,,2.064288,1,2020-07-13,10:51:31 10 Aug 2020,40000
2020,President,Trump,Biden,,0.27,0.726775,,0.003225,0.18445,0.81555,,206.4143,331.5857,,92.0,201,,337,446.0,,45.85665,52.819,,1.324355,47.72194,40.79765,,0.6759626,50.9687,57.89326,,2.064648,1,2020-07-12,10:51:04 10 Aug 2020,40000
2020,President,Trump,Biden,,0.27945,0.71715,,0.0034,0.1946,0.8054,,208.5454,329.4546,,92.0,200,,338,446.0,,45.9315,52.73925,,1.329244,47.59866,40.82366,,0.6713284,51.06208,57.84136,,2.07124,1,2020-07-11,10:52:57 10 Aug 2020,40000
2020,President,Trump,Biden,,0.2752,0.7216,,0.0032,0.18985,0.81015,,207.4411,330.5589,,92.0,200,,338,446.0,,45.90247,52.77518,,1.322349,47.68229,40.77045,,0.6659154,51.00501,57.90038,,2.069298,1,2020-07-10,10:55:24 10 Aug 2020,40000
2020,President,Trump,Biden,,0.2727,0.72455,,0.00275,0.189925,0.810075,,208.0501,329.9499,,94.0,201,,337,444.0,,45.90316,52.776,,1.320845,47.66722,40.8556,,0.6737902,51.00532,57.83777,,2.061967,1,2020-07-09,10:57:25 10 Aug 2020,40000
2020,President,Trump,Biden,,0.269625,0.727375,,0.003,0.185725,0.814275,,206.8318,331.1682,,92.0,201,,337,446.0,,45.85991,52.81811,,1.321982,47.69514,40.75243,,0.6688289,50.98801,57.89178,,2.06713,1,2020-07-08,10:57:48 10 Aug 2020,40000
2020,President,Trump,Biden,,0.2684,0.728375,,0.003225,0.184825,0.815175,,206.8485,331.1515,,92.0,201,,337,446.0,,45.85553,52.82038,,1.324095,47.73086,40.77628,,0.6621054,50.93465,57.89341,,2.085074,1,2020-07-07,10:57:16 10 Aug 2020,40000
2020,President,Trump,Biden,,0.28085,0.7158,,0.00335,0.1989,0.8011,,211.0341,326.9659,,94.0,199,,339,444.0,,46.00682,52.66445,,1.328738,47.48414,40.84578,,0.6696514,51.19341,57.79437,,2.070406,1,2020-07-06,10:59:26 10 Aug 2020,40000
2020,President,Trump,Biden,,0.23735,0.759375,,0.003275,0.156425,0.843575,,202.7701,335.2299,,95.0,212,,326,443.0,,45.65043,53.03101,,1.318557,48.25012,40.91089,,0.6748977,50.38384,57.78221,,2.045832,1,2020-07-05,11:01:55 10 Aug 2020,40000
2020,President,Trump,Biden,,0.239875,0.75685,,0.003275,0.159775,0.840225,,203.1415,334.8585,,94.0,212,,326,444.0,,45.65899,53.02658,,1.314429,48.23739,40.84191,,0.6702497,50.45331,57.82705,,2.047497,1,2020-07-04,11:03:40 10 Aug 2020,40000
2020,President,Trump,Biden,,0.238125,0.75895,,0.002925,0.156225,0.843775,,201.9703,336.0297,,93.0,212,,326,445.0,,45.59909,53.08897,,1.311937,48.28157,40.80989,,0.6673132,50.39472,57.8764,,2.047345,1,2020-07-03,11:04:06 10 Aug 2020,40000
2020,President,Trump,Biden,,0.240025,0.7563,,0.003675,0.159175,0.840825,,202.9859,335.0142,,94.0,211,,327,444.0,,45.64618,53.04318,,1.310638,48.2515,40.84299,,0.6632474,50.45094,57.82728,,2.046242,1,2020-07-02,11:03:27 10 Aug 2020,40000
2020,President,Trump,Biden,,0.23535,0.761525,,0.003125,0.162675,0.837325,,202.0124,335.9876,,92.0,211,,327,446.0,,45.62083,53.07158,,1.307595,48.21278,40.74539,,0.6615871,50.48866,57.95334,,2.040026,1,2020-07-01,11:05:57 10 Aug 2020,40000
2020,President,Trump,Biden,,0.235475,0.761375,,0.00315,0.161425,0.838575,,202.2096,335.7904,,92.0,210,,328,446.0,,45.6191,53.07162,,1.309282,48.19541,40.79374,,0.6640405,50.48285,57.91264,,2.045883,1,2020-06-30,11:08:25 10 Aug 2020,40000
2020,President,Trump,Biden,,0.209525,0.78785,,0.002625,0.136775,0.863225,,196.828,341.172,,92.0,220,,318,446.0,,45.39993,53.29433,,1.305736,48.61784,40.73306,,0.6649159,50.07216,57.93801,,2.030914,1,2020-06-29,11:09:55 10 Aug 2020,40000
2020,President,Trump,Biden,,0.211325,0.785625,,0.00305,0.1372,0.8628,,196.2056,341.7944,,92.0,220,,318,446.0,,45.40212,53.29407,,1.303815,48.59251,40.79256,,0.6616051,50.07193,57.91077,,2.031408,1,2020-06-28,11:10:24 10 Aug 2020,40000
2020,President,Trump,Biden,,0.2081,0.788425,,0.003475,0.1349,0.8651,,196.2634,341.7366,,92.0,221,,317,446.0,,45.40378,53.29099,,1.305233,48.67001,40.77088,,0.6599336,50.05018,57.91059,,2.030622,1,2020-06-27,11:09:37 10 Aug 2020,40000
2020,President,Trump,Biden,,0.206375,0.79055,,0.003075,0.1373,0.8627,,195.4595,342.5405,,90.0,221,,317,448.0,,45.36304,53.33689,,1.300071,48.61265,40.67146,,0.6623695,50.07875,58.02941,,2.029991,1,2020-06-26,11:12:25 10 Aug 2020,40000
2020,President,Trump,Biden,,0.21695,0.7795,,0.00355,0.14275,0.85725,,198.2772,339.7228,,92.0,218,,320,446.0,,45.47114,53.23003,,1.298833,48.51783,40.78851,,0.655317,50.17564,57.90521,,2.029225,1,2020-06-25,11:14:55 10 Aug 2020,40000
2020,President,Trump,Biden,,0.210325,0.786725,,0.00295,0.139475,0.860525,,196.5073,341.4927,,91.0,220,,318,447.0,,45.38713,53.31142,,1.301456,48.58786,40.65841,,0.6588315,50.10804,58.0117,,2.035001,1,2020-06-24,11:16:09 10 Aug 2020,40000
2020,President,Trump,Biden,,0.2171,0.780075,,0.002825,0.1458,0.8542,,197.761,340.239,,91.0,216,,322,447.0,,45.44068,53.2442,,1.315118,48.44623,40.67317,,0.663591,50.26096,57.9963,,2.056763,1,2020-06-23,11:16:41 10 Aug 2020,40000
2020,President,Trump,Biden,,0.2154,0.7816,,0.003,0.1423,0.8577,,198.0367,339.9633,,91.0,218,,320,447.0,,45.40881,53.28255,,1.308633,48.48858,40.59536,,0.6628679,50.19436,58.075,,2.048503,1,2020-06-22,11:15:47 10 Aug 2020,40000
2020,President,Trump,Biden,,0.2195,0.777475,,0.003025,0.147625,0.852375,,199.1915,338.8086,,92.0,216,,322,446.0,,45.48504,53.20727,,1.30769,48.40547,40.70179,,0.6615897,50.30505,57.9707,,2.031235,1,2020-06-21,11:18:56 10 Aug 2020,40000
2020,President,Trump,Biden,,0.222,0.77515,,0.00285,0.1485,0.8515,,199.5023,338.4977,,92.0,216,,322,446.0,,45.49785,53.1989,,1.303245,48.41396,40.72705,,0.6607718,50.29456,57.98159,,2.028631,1,2020-06-20,11:21:24 10 Aug 2020,40000
2020,President,Trump,Biden,,0.225175,0.771925,,0.0029,0.1517,0.8483,,200.5645,337.4355,,92.0,213,,325,446.0,,45.53778,53.14845,,1.313769,48.32314,40.7263,,0.6591908,50.37589,57.97366,,2.045823,1,2020-06-19,11:45:11 10 Aug 2020,40000
2020,President,Trump,Biden,,0.2375,0.75945,,0.00305,0.1602,0.8398,,201.7995,336.2005,,92.0,209,,329,446.0,,45.61443,53.07222,,1.313351,48.17367,40.76797,,0.6700203,50.51035,57.92015,,2.051174,1,2020-06-18,11:46:38 10 Aug 2020,40000
2020,President,Trump,Biden,,0.235175,0.761575,,0.00325,0.160625,0.839375,,202.0645,335.9355,,92.0,211,,327,446.0,,45.61938,53.05688,,1.323733,48.17007,40.75835,,0.6750205,50.49227,57.91314,,2.059546,1,2020-06-17,11:47:02 10 Aug 2020,40000
2020,President,Trump,Biden,,0.2396,0.75675,,0.00365,0.1632,0.8368,,203.4893,334.5107,,94.0,210,,328,444.0,,45.68271,52.99614,,1.321142,48.15334,40.80315,,0.6680158,50.54545,57.88606,,2.061718,1,2020-06-16,11:25:22 10 Aug 2020,40000
2020,President,Trump,Biden,,0.2478,0.749025,,0.003175,0.16485,0.83515,,205.0138,332.9862,,95.5,210,,328,442.5,,45.75811,52.92667,,1.315226,48.126,40.9251,,0.6673417,50.5504,57.72252,,2.055342,1,2020-06-15,11:27:55 10 Aug 2020,40000
2020,President,Trump,Biden,,0.234775,0.76255,,0.002675,0.153375,0.846625,,201.995,336.005,,95.0,212,,326,443.0,,45.60586,53.07205,,1.322089,48.30339,40.85883,,0.6721538,50.35146,57.8587,,2.051385,1,2020-06-14,11:51:25 10 Aug 2020,40000
2020,President,Trump,Biden,,0.23715,0.75935,,0.0035,0.1587,0.8413,,203.3475,334.6525,,95.0,212,,326,443.0,,45.68189,53.00398,,1.314134,48.24353,40.89159,,0.6686158,50.4464,57.77147,,2.051785,1,2020-06-13,11:52:52 10 Aug 2020,40000
2020,President,Trump,Biden,,0.24235,0.7543,,0.00335,0.1589,0.8411,,203.924,334.076,,96.0,212,,326,442.0,,45.73086,52.94989,,1.319247,48.22766,40.99991,,0.672668,50.44556,57.68588,,2.043238,1,2020-06-12,11:22:22 10 Aug 2020,40000
2020,President,Trump,Biden,,0.245325,0.75125,,0.003425,0.16185,0.83815,,204.4158,333.5842,,96.0,210,,328,442.0,,45.76586,52.9145,,1.319637,48.18432,41.04717,,0.6725276,50.50735,57.66437,,2.038496,1,2020-06-11,11:31:50 10 Aug 2020,40000
2020,President,Trump,Biden,,0.28395,0.711825,,0.004225,0.1819,0.8181,,211.3559,326.6442,,100.0,205,,333,438.0,,46.01114,52.67278,,1.316082,47.92501,41.27679,,0.6655345,50.75439,57.43367,,2.049852,1,2020-06-10,11:34:24 10 Aug 2020,40000
2020,President,Trump,Biden,,0.288525,0.7072,,0.004275,0.188,0.812,,213.6465,324.3535,,103.0,204,,334,435.0,,46.1313,52.5538,,1.314901,47.83714,41.38594,,0.6707772,50.85634,57.30523,,2.047077,1,2020-06-09,11:57:35 10 Aug 2020,40000
2020,President,Trump,Biden,,0.303425,0.692525,,0.00405,0.1998,0.8002,,216.1307,321.8693,,104.0,201,,337,434.0,,46.24477,52.43583,,1.319401,47.69545,41.52457,,0.6739508,50.99332,57.17598,,2.051627,1,2020-06-08,11:59:04 10 Aug 2020,40000
2020,President,Trump,Biden,,0.302275,0.6935,,0.004225,0.19975,0.80025,,216.488,321.512,,104.0,201,,337,434.0,,46.2737,52.41333,,1.312971,47.63892,41.49504,,0.668447,51.05724,57.1865,,2.049617,1,2020-06-07,11:28:26 10 Aug 2020,40000
2020,President,Trump,Biden,,0.30525,0.69085,,0.0039,0.201325,0.798675,,217.2131,320.7869,,105.0,200,,338,433.0,,46.31012,52.378,,1.311875,47.62445,41.62245,,0.6645366,51.04198,57.07314,,2.0509,1,2020-06-06,11:47:23 10 Aug 2020,40000
2020,President,Trump,Biden,,0.30775,0.687725,,0.004525,0.20515,0.79485,,218.2592,319.7408,,106.0,199,,339,432.0,,46.36461,52.32565,,1.309747,47.55882,41.62989,,0.6656066,51.10926,57.06739,,2.035725,1,2020-06-05,11:40:55 10 Aug 2020,40000
2020,President,Trump,Biden,,0.28835,0.70755,,0.0041,0.187825,0.812175,,213.6946,324.3054,,104.0,203,,335,434.0,,46.17122,52.52184,,1.306939,47.87417,41.49159,,0.6616863,50.82633,57.19538,,2.039343,1,2020-06-04,12:03:40 10 Aug 2020,40000
2020,President,Trump,Biden,,0.292525,0.703475,,0.004,0.190275,0.809725,,214.5781,323.4219,,105.0,203,,335,433.0,,46.22312,52.47629,,1.300588,47.85891,41.60196,,0.6611356,50.8365,57.11295,,2.027426,1,2020-06-03,11:24:29 10 Aug 2020,40000
2020,President,Trump,Biden,,0.293975,0.70225,,0.003775,0.1923,0.8077,,214.024,323.976,,103.0,201,,337,435.0,,46.17807,52.50252,,1.319418,47.74026,41.44363,,0.6755669,50.94933,57.25562,,2.049306,1,2020-06-02,11:34:32 10 Aug 2020,40000
2020,President,Trump,Biden,,0.2959,0.700575,,0.003525,0.1943,0.8057,,215.0013,322.9987,,103.0,201,,337,435.0,,46.20322,52.47558,,1.321204,47.73165,41.49165,,0.6759679,50.93565,57.19166,,2.042146,1,2020-06-01,11:53:49 10 Aug 2020,40000
