election_cycle,race_type,name_incumbent,name_challenger,name_third,votes_ec_prob_incumbent,votes_ec_prob_challenger,votes_ec_prob_third,votes_ec_total,model,date_modeled,simulation_timestamp,simulation_count
2020,President,Trump,Biden,,0.001725,0.0,,99,1,2020-09-24,19:10:02 24 Sep 2020,40000
2020,President,Trump,Biden,,0.005,0.003175,,264,1,2020-09-24,19:10:02 24 Sep 2020,40000
2020,President,Trump,Biden,,0.0016,0.000875,,251,1,2020-09-24,19:10:02 24 Sep 2020,40000
2020,President,Trump,Biden,,0.00315,0.0037,,252,1,2020-09-24,19:10:02 24 Sep 2020,40000
2020,President,Trump,Biden,,0.0043,0.004725,,253,1,2020-09-24,19:10:02 24 Sep 2020,40000
2020,President,Trump,Biden,,0.002625,0.00605,,254,1,2020-09-24,19:10:02 24 Sep 2020,40000
2020,President,Trump,Biden,,0.00225,0.004225,,255,1,2020-09-24,19:10:02 24 Sep 2020,40000
2020,President,Trump,Biden,,0.0023,0.001875,,256,1,2020-09-24,19:10:02 24 Sep 2020,40000
2020,President,Trump,Biden,,0.0014,0.0016,,257,1,2020-09-24,19:10:02 24 Sep 2020,40000
2020,President,Trump,Biden,,0.005775,0.0056,,258,1,2020-09-24,19:10:02 24 Sep 2020,40000
2020,President,Trump,Biden,,0.01435,0.00565,,259,1,2020-09-24,19:10:02 24 Sep 2020,40000
2020,President,Trump,Biden,,0.0005,0.0,,26,1,2020-09-24,19:10:02 24 Sep 2020,40000
2020,President,Trump,Biden,,0.009,0.00195,,260,1,2020-09-24,19:10:02 24 Sep 2020,40000
2020,President,Trump,Biden,,0.001575,0.001,,261,1,2020-09-24,19:10:02 24 Sep 2020,40000
2020,President,Trump,Biden,,0.0017,0.0023,,262,1,2020-09-24,19:10:02 24 Sep 2020,40000
2020,President,Trump,Biden,,0.002925,0.00325,,263,1,2020-09-24,19:10:02 24 Sep 2020,40000
2020,President,Trump,Biden,,0.004775,0.004425,,265,1,2020-09-24,19:10:02 24 Sep 2020,40000
2020,President,Trump,Biden,,0.0002,0.0,,25,1,2020-09-24,19:10:02 24 Sep 2020,40000
2020,President,Trump,Biden,,0.00355,0.0024,,266,1,2020-09-24,19:10:02 24 Sep 2020,40000
2020,President,Trump,Biden,,0.00135,0.0012,,267,1,2020-09-24,19:10:02 24 Sep 2020,40000
2020,President,Trump,Biden,,0.003825,0.003675,,268,1,2020-09-24,19:10:02 24 Sep 2020,40000
2020,President,Trump,Biden,,0.00455,0.00455,,269,1,2020-09-24,19:10:02 24 Sep 2020,40000
2020,President,Trump,Biden,,0.000275,0.0,,27,1,2020-09-24,19:10:02 24 Sep 2020,40000
2020,President,Trump,Biden,,0.003675,0.003825,,270,1,2020-09-24,19:10:02 24 Sep 2020,40000
2020,President,Trump,Biden,,0.0012,0.00135,,271,1,2020-09-24,19:10:02 24 Sep 2020,40000
2020,President,Trump,Biden,,0.0024,0.00355,,272,1,2020-09-24,19:10:02 24 Sep 2020,40000
2020,President,Trump,Biden,,0.004425,0.004775,,273,1,2020-09-24,19:10:02 24 Sep 2020,40000
2020,President,Trump,Biden,,0.003175,0.005,,274,1,2020-09-24,19:10:02 24 Sep 2020,40000
2020,President,Trump,Biden,,0.00325,0.002925,,275,1,2020-09-24,19:10:02 24 Sep 2020,40000
2020,President,Trump,Biden,,0.0023,0.0017,,276,1,2020-09-24,19:10:02 24 Sep 2020,40000
2020,President,Trump,Biden,,0.001,0.001575,,277,1,2020-09-24,19:10:02 24 Sep 2020,40000
2020,President,Trump,Biden,,0.00195,0.009,,278,1,2020-09-24,19:10:02 24 Sep 2020,40000
2020,President,Trump,Biden,,0.002525,0.001,,250,1,2020-09-24,19:10:02 24 Sep 2020,40000
2020,President,Trump,Biden,,0.00655,0.00295,,249,1,2020-09-24,19:10:02 24 Sep 2020,40000
2020,President,Trump,Biden,,0.014575,0.002225,,219,1,2020-09-24,19:10:02 24 Sep 2020,40000
2020,President,Trump,Biden,,0.004475,0.002475,,233,1,2020-09-24,19:10:02 24 Sep 2020,40000
2020,President,Trump,Biden,,0.006775,0.002325,,220,1,2020-09-24,19:10:02 24 Sep 2020,40000
2020,President,Trump,Biden,,0.0014,0.0017,,221,1,2020-09-24,19:10:02 24 Sep 2020,40000
2020,President,Trump,Biden,,0.00245,0.004675,,222,1,2020-09-24,19:10:02 24 Sep 2020,40000
2020,President,Trump,Biden,,0.00505,0.001975,,223,1,2020-09-24,19:10:02 24 Sep 2020,40000
2020,President,Trump,Biden,,0.0043,0.000925,,224,1,2020-09-24,19:10:02 24 Sep 2020,40000
2020,President,Trump,Biden,,0.005925,0.00135,,225,1,2020-09-24,19:10:02 24 Sep 2020,40000
2020,President,Trump,Biden,,0.00495,0.003975,,226,1,2020-09-24,19:10:02 24 Sep 2020,40000
2020,President,Trump,Biden,,0.00195,0.00315,,227,1,2020-09-24,19:10:02 24 Sep 2020,40000
2020,President,Trump,Biden,,0.001875,0.00455,,228,1,2020-09-24,19:10:02 24 Sep 2020,40000
2020,President,Trump,Biden,,0.00585,0.0029,,229,1,2020-09-24,19:10:02 24 Sep 2020,40000
2020,President,Trump,Biden,,0.000175,0.0,,23,1,2020-09-24,19:10:02 24 Sep 2020,40000
2020,President,Trump,Biden,,0.007375,0.0011,,230,1,2020-09-24,19:10:02 24 Sep 2020,40000
2020,President,Trump,Biden,,0.003475,0.001025,,231,1,2020-09-24,19:10:02 24 Sep 2020,40000
2020,President,Trump,Biden,,0.003025,0.003225,,232,1,2020-09-24,19:10:02 24 Sep 2020,40000
2020,President,Trump,Biden,,0.004125,0.0019,,234,1,2020-09-24,19:10:02 24 Sep 2020,40000
2020,President,Trump,Biden,,0.013525,0.0048,,248,1,2020-09-24,19:10:02 24 Sep 2020,40000
2020,President,Trump,Biden,,0.002525,0.00155,,235,1,2020-09-24,19:10:02 24 Sep 2020,40000
2020,President,Trump,Biden,,0.0019,0.00205,,236,1,2020-09-24,19:10:02 24 Sep 2020,40000
2020,President,Trump,Biden,,0.002275,0.0024,,237,1,2020-09-24,19:10:02 24 Sep 2020,40000
2020,President,Trump,Biden,,0.002125,0.0043,,238,1,2020-09-24,19:10:02 24 Sep 2020,40000
2020,President,Trump,Biden,,0.002125,0.002875,,239,1,2020-09-24,19:10:02 24 Sep 2020,40000
2020,President,Trump,Biden,,0.0002,0.0,,24,1,2020-09-24,19:10:02 24 Sep 2020,40000
2020,President,Trump,Biden,,0.005725,0.001475,,240,1,2020-09-24,19:10:02 24 Sep 2020,40000
2020,President,Trump,Biden,,0.005425,0.00105,,241,1,2020-09-24,19:10:02 24 Sep 2020,40000
2020,President,Trump,Biden,,0.002675,0.00375,,242,1,2020-09-24,19:10:02 24 Sep 2020,40000
2020,President,Trump,Biden,,0.003525,0.00375,,243,1,2020-09-24,19:10:02 24 Sep 2020,40000
2020,President,Trump,Biden,,0.006725,0.0054,,244,1,2020-09-24,19:10:02 24 Sep 2020,40000
2020,President,Trump,Biden,,0.003875,0.002075,,245,1,2020-09-24,19:10:02 24 Sep 2020,40000
2020,President,Trump,Biden,,0.002675,0.001625,,246,1,2020-09-24,19:10:02 24 Sep 2020,40000
2020,President,Trump,Biden,,0.0057,0.002025,,247,1,2020-09-24,19:10:02 24 Sep 2020,40000
2020,President,Trump,Biden,,0.00565,0.01435,,279,1,2020-09-24,19:10:02 24 Sep 2020,40000
2020,President,Trump,Biden,,0.00025,0.0,,28,1,2020-09-24,19:10:02 24 Sep 2020,40000
2020,President,Trump,Biden,,0.0056,0.005775,,280,1,2020-09-24,19:10:02 24 Sep 2020,40000
2020,President,Trump,Biden,,0.00085,0.00515,,324,1,2020-09-24,19:10:02 24 Sep 2020,40000
2020,President,Trump,Biden,,0.00315,0.00195,,311,1,2020-09-24,19:10:02 24 Sep 2020,40000
2020,President,Trump,Biden,,0.003975,0.00495,,312,1,2020-09-24,19:10:02 24 Sep 2020,40000
2020,President,Trump,Biden,,0.00135,0.005925,,313,1,2020-09-24,19:10:02 24 Sep 2020,40000
2020,President,Trump,Biden,,0.000925,0.0043,,314,1,2020-09-24,19:10:02 24 Sep 2020,40000
2020,President,Trump,Biden,,0.001975,0.00505,,315,1,2020-09-24,19:10:02 24 Sep 2020,40000
2020,President,Trump,Biden,,0.004675,0.00245,,316,1,2020-09-24,19:10:02 24 Sep 2020,40000
2020,President,Trump,Biden,,0.0017,0.0014,,317,1,2020-09-24,19:10:02 24 Sep 2020,40000
2020,President,Trump,Biden,,0.002325,0.006775,,318,1,2020-09-24,19:10:02 24 Sep 2020,40000
2020,President,Trump,Biden,,0.002225,0.014575,,319,1,2020-09-24,19:10:02 24 Sep 2020,40000
2020,President,Trump,Biden,,0.000325,0.0,,32,1,2020-09-24,19:10:02 24 Sep 2020,40000
2020,President,Trump,Biden,,0.00235,0.00475,,320,1,2020-09-24,19:10:02 24 Sep 2020,40000
2020,President,Trump,Biden,,0.002425,0.00225,,321,1,2020-09-24,19:10:02 24 Sep 2020,40000
2020,President,Trump,Biden,,0.0029,0.003125,,322,1,2020-09-24,19:10:02 24 Sep 2020,40000
2020,President,Trump,Biden,,0.0013,0.005325,,323,1,2020-09-24,19:10:02 24 Sep 2020,40000
2020,President,Trump,Biden,,0.003375,0.00355,,325,1,2020-09-24,19:10:02 24 Sep 2020,40000
2020,President,Trump,Biden,,0.0016,0.0014,,281,1,2020-09-24,19:10:02 24 Sep 2020,40000
2020,President,Trump,Biden,,0.0043,0.00295,,326,1,2020-09-24,19:10:02 24 Sep 2020,40000
2020,President,Trump,Biden,,0.00175,0.0027,,327,1,2020-09-24,19:10:02 24 Sep 2020,40000
2020,President,Trump,Biden,,0.003525,0.0019,,328,1,2020-09-24,19:10:02 24 Sep 2020,40000
2020,President,Trump,Biden,,0.00115,0.003075,,329,1,2020-09-24,19:10:02 24 Sep 2020,40000
2020,President,Trump,Biden,,0.000275,0.0,,33,1,2020-09-24,19:10:02 24 Sep 2020,40000
2020,President,Trump,Biden,,0.0016,0.005175,,330,1,2020-09-24,19:10:02 24 Sep 2020,40000
2020,President,Trump,Biden,,0.0025,0.001975,,331,1,2020-09-24,19:10:02 24 Sep 2020,40000
2020,President,Trump,Biden,,0.0017,0.0019,,332,1,2020-09-24,19:10:02 24 Sep 2020,40000
2020,President,Trump,Biden,,0.001425,0.00545,,333,1,2020-09-24,19:10:02 24 Sep 2020,40000
2020,President,Trump,Biden,,0.00125,0.008525,,334,1,2020-09-24,19:10:02 24 Sep 2020,40000
2020,President,Trump,Biden,,0.0048,0.005925,,335,1,2020-09-24,19:10:02 24 Sep 2020,40000
2020,President,Trump,Biden,,0.0006,0.003375,,336,1,2020-09-24,19:10:02 24 Sep 2020,40000
2020,President,Trump,Biden,,0.003925,0.007325,,337,1,2020-09-24,19:10:02 24 Sep 2020,40000
2020,President,Trump,Biden,,0.00145,0.005975,,338,1,2020-09-24,19:10:02 24 Sep 2020,40000
2020,President,Trump,Biden,,0.00455,0.001875,,310,1,2020-09-24,19:10:02 24 Sep 2020,40000
2020,President,Trump,Biden,,0.0003,0.0,,31,1,2020-09-24,19:10:02 24 Sep 2020,40000
2020,President,Trump,Biden,,0.0029,0.00585,,309,1,2020-09-24,19:10:02 24 Sep 2020,40000
2020,President,Trump,Biden,,0.0011,0.007375,,308,1,2020-09-24,19:10:02 24 Sep 2020,40000
2020,President,Trump,Biden,,0.001875,0.0023,,282,1,2020-09-24,19:10:02 24 Sep 2020,40000
2020,President,Trump,Biden,,0.004225,0.00225,,283,1,2020-09-24,19:10:02 24 Sep 2020,40000
2020,President,Trump,Biden,,0.00605,0.002625,,284,1,2020-09-24,19:10:02 24 Sep 2020,40000
2020,President,Trump,Biden,,0.004725,0.0043,,285,1,2020-09-24,19:10:02 24 Sep 2020,40000
2020,President,Trump,Biden,,0.0037,0.00315,,286,1,2020-09-24,19:10:02 24 Sep 2020,40000
2020,President,Trump,Biden,,0.000875,0.0016,,287,1,2020-09-24,19:10:02 24 Sep 2020,40000
2020,President,Trump,Biden,,0.001,0.002525,,288,1,2020-09-24,19:10:02 24 Sep 2020,40000
2020,President,Trump,Biden,,0.00295,0.00655,,289,1,2020-09-24,19:10:02 24 Sep 2020,40000
2020,President,Trump,Biden,,0.0004,0.0,,29,1,2020-09-24,19:10:02 24 Sep 2020,40000
2020,President,Trump,Biden,,0.0048,0.013525,,290,1,2020-09-24,19:10:02 24 Sep 2020,40000
2020,President,Trump,Biden,,0.002025,0.0057,,291,1,2020-09-24,19:10:02 24 Sep 2020,40000
2020,President,Trump,Biden,,0.001625,0.002675,,292,1,2020-09-24,19:10:02 24 Sep 2020,40000
2020,President,Trump,Biden,,0.002075,0.003875,,293,1,2020-09-24,19:10:02 24 Sep 2020,40000
2020,President,Trump,Biden,,0.0054,0.006725,,294,1,2020-09-24,19:10:02 24 Sep 2020,40000
2020,President,Trump,Biden,,0.00375,0.003525,,295,1,2020-09-24,19:10:02 24 Sep 2020,40000
2020,President,Trump,Biden,,0.00375,0.002675,,296,1,2020-09-24,19:10:02 24 Sep 2020,40000
2020,President,Trump,Biden,,0.00105,0.005425,,297,1,2020-09-24,19:10:02 24 Sep 2020,40000
2020,President,Trump,Biden,,0.001475,0.005725,,298,1,2020-09-24,19:10:02 24 Sep 2020,40000
2020,President,Trump,Biden,,0.002875,0.002125,,299,1,2020-09-24,19:10:02 24 Sep 2020,40000
2020,President,Trump,Biden,,0.0,0.0,,3,1,2020-09-24,19:10:02 24 Sep 2020,40000
2020,President,Trump,Biden,,0.000125,0.0,,30,1,2020-09-24,19:10:02 24 Sep 2020,40000
2020,President,Trump,Biden,,0.0043,0.002125,,300,1,2020-09-24,19:10:02 24 Sep 2020,40000
2020,President,Trump,Biden,,0.0024,0.002275,,301,1,2020-09-24,19:10:02 24 Sep 2020,40000
2020,President,Trump,Biden,,0.00205,0.0019,,302,1,2020-09-24,19:10:02 24 Sep 2020,40000
2020,President,Trump,Biden,,0.00155,0.002525,,303,1,2020-09-24,19:10:02 24 Sep 2020,40000
2020,President,Trump,Biden,,0.0019,0.004125,,304,1,2020-09-24,19:10:02 24 Sep 2020,40000
2020,President,Trump,Biden,,0.002475,0.004475,,305,1,2020-09-24,19:10:02 24 Sep 2020,40000
2020,President,Trump,Biden,,0.003225,0.003025,,306,1,2020-09-24,19:10:02 24 Sep 2020,40000
2020,President,Trump,Biden,,0.001025,0.003475,,307,1,2020-09-24,19:10:02 24 Sep 2020,40000
2020,President,Trump,Biden,,0.000275,0.0,,22,1,2020-09-24,19:10:02 24 Sep 2020,40000
2020,President,Trump,Biden,,0.00475,0.00235,,218,1,2020-09-24,19:10:02 24 Sep 2020,40000
2020,President,Trump,Biden,,0.00035,0.0,,34,1,2020-09-24,19:10:02 24 Sep 2020,40000
2020,President,Trump,Biden,,0.002125,5e-05,,142,1,2020-09-24,19:10:02 24 Sep 2020,40000
2020,President,Trump,Biden,,0.0001,0.0,,13,1,2020-09-24,19:10:02 24 Sep 2020,40000
2020,President,Trump,Biden,,0.0011,5e-05,,130,1,2020-09-24,19:10:02 24 Sep 2020,40000
2020,President,Trump,Biden,,0.005625,7.5e-05,,131,1,2020-09-24,19:10:02 24 Sep 2020,40000
2020,President,Trump,Biden,,0.00625,0.0,,132,1,2020-09-24,19:10:02 24 Sep 2020,40000
2020,President,Trump,Biden,,0.001075,5e-05,,133,1,2020-09-24,19:10:02 24 Sep 2020,40000
2020,President,Trump,Biden,,0.001075,5e-05,,134,1,2020-09-24,19:10:02 24 Sep 2020,40000
2020,President,Trump,Biden,,0.002525,7.5e-05,,135,1,2020-09-24,19:10:02 24 Sep 2020,40000
2020,President,Trump,Biden,,0.001225,5e-05,,136,1,2020-09-24,19:10:02 24 Sep 2020,40000
2020,President,Trump,Biden,,0.000875,2.5e-05,,137,1,2020-09-24,19:10:02 24 Sep 2020,40000
2020,President,Trump,Biden,,0.00455,0.0002,,138,1,2020-09-24,19:10:02 24 Sep 2020,40000
2020,President,Trump,Biden,,0.00125,0.0001,,139,1,2020-09-24,19:10:02 24 Sep 2020,40000
2020,President,Trump,Biden,,7.5e-05,0.0,,14,1,2020-09-24,19:10:02 24 Sep 2020,40000
2020,President,Trump,Biden,,0.001425,2.5e-05,,140,1,2020-09-24,19:10:02 24 Sep 2020,40000
2020,President,Trump,Biden,,0.00835,7.5e-05,,141,1,2020-09-24,19:10:02 24 Sep 2020,40000
2020,President,Trump,Biden,,0.0013,7.5e-05,,143,1,2020-09-24,19:10:02 24 Sep 2020,40000
2020,President,Trump,Biden,,0.0022,7.5e-05,,128,1,2020-09-24,19:10:02 24 Sep 2020,40000
2020,President,Trump,Biden,,0.001925,7.5e-05,,144,1,2020-09-24,19:10:02 24 Sep 2020,40000
2020,President,Trump,Biden,,0.0015,7.5e-05,,145,1,2020-09-24,19:10:02 24 Sep 2020,40000
2020,President,Trump,Biden,,0.0011,0.000125,,146,1,2020-09-24,19:10:02 24 Sep 2020,40000
2020,President,Trump,Biden,,0.00355,0.00015,,147,1,2020-09-24,19:10:02 24 Sep 2020,40000
2020,President,Trump,Biden,,0.00385,0.0001,,148,1,2020-09-24,19:10:02 24 Sep 2020,40000
2020,President,Trump,Biden,,0.0019,0.000125,,149,1,2020-09-24,19:10:02 24 Sep 2020,40000
2020,President,Trump,Biden,,0.000125,0.0,,15,1,2020-09-24,19:10:02 24 Sep 2020,40000
2020,President,Trump,Biden,,0.00365,0.000275,,150,1,2020-09-24,19:10:02 24 Sep 2020,40000
2020,President,Trump,Biden,,0.002225,0.00025,,151,1,2020-09-24,19:10:02 24 Sep 2020,40000
2020,President,Trump,Biden,,0.00135,7.5e-05,,152,1,2020-09-24,19:10:02 24 Sep 2020,40000
2020,President,Trump,Biden,,0.00135,7.5e-05,,153,1,2020-09-24,19:10:02 24 Sep 2020,40000
2020,President,Trump,Biden,,0.00265,0.000275,,154,1,2020-09-24,19:10:02 24 Sep 2020,40000
2020,President,Trump,Biden,,0.0017,0.000225,,155,1,2020-09-24,19:10:02 24 Sep 2020,40000
2020,President,Trump,Biden,,0.001975,0.000375,,156,1,2020-09-24,19:10:02 24 Sep 2020,40000
2020,President,Trump,Biden,,0.00175,0.0,,129,1,2020-09-24,19:10:02 24 Sep 2020,40000
2020,President,Trump,Biden,,0.000875,7.5e-05,,127,1,2020-09-24,19:10:02 24 Sep 2020,40000
2020,President,Trump,Biden,,0.00225,0.002425,,217,1,2020-09-24,19:10:02 24 Sep 2020,40000
2020,President,Trump,Biden,,0.00245,0.0,,111,1,2020-09-24,19:10:02 24 Sep 2020,40000
2020,President,Trump,Biden,,0.0002,0.0,,1,1,2020-09-24,19:10:02 24 Sep 2020,40000
2020,President,Trump,Biden,,7.5e-05,0.0,,10,1,2020-09-24,19:10:02 24 Sep 2020,40000
2020,President,Trump,Biden,,0.002675,0.0,,100,1,2020-09-24,19:10:02 24 Sep 2020,40000
2020,President,Trump,Biden,,0.00155,0.0,,101,1,2020-09-24,19:10:02 24 Sep 2020,40000
2020,President,Trump,Biden,,0.003825,2.5e-05,,102,1,2020-09-24,19:10:02 24 Sep 2020,40000
2020,President,Trump,Biden,,0.0055,0.0,,103,1,2020-09-24,19:10:02 24 Sep 2020,40000
2020,President,Trump,Biden,,0.002075,0.0,,104,1,2020-09-24,19:10:02 24 Sep 2020,40000
2020,President,Trump,Biden,,0.00125,0.0,,105,1,2020-09-24,19:10:02 24 Sep 2020,40000
2020,President,Trump,Biden,,0.002725,2.5e-05,,106,1,2020-09-24,19:10:02 24 Sep 2020,40000
2020,President,Trump,Biden,,0.003025,2.5e-05,,107,1,2020-09-24,19:10:02 24 Sep 2020,40000
2020,President,Trump,Biden,,0.00185,0.0,,108,1,2020-09-24,19:10:02 24 Sep 2020,40000
2020,President,Trump,Biden,,0.00345,2.5e-05,,109,1,2020-09-24,19:10:02 24 Sep 2020,40000
2020,President,Trump,Biden,,7.5e-05,0.0,,11,1,2020-09-24,19:10:02 24 Sep 2020,40000
2020,President,Trump,Biden,,0.004275,0.0,,110,1,2020-09-24,19:10:02 24 Sep 2020,40000
2020,President,Trump,Biden,,0.00305,2.5e-05,,112,1,2020-09-24,19:10:02 24 Sep 2020,40000
2020,President,Trump,Biden,,0.00905,5e-05,,126,1,2020-09-24,19:10:02 24 Sep 2020,40000
2020,President,Trump,Biden,,0.006325,0.0,,113,1,2020-09-24,19:10:02 24 Sep 2020,40000
2020,President,Trump,Biden,,0.0015,5e-05,,114,1,2020-09-24,19:10:02 24 Sep 2020,40000
2020,President,Trump,Biden,,0.00315,7.5e-05,,115,1,2020-09-24,19:10:02 24 Sep 2020,40000
2020,President,Trump,Biden,,0.00695,2.5e-05,,116,1,2020-09-24,19:10:02 24 Sep 2020,40000
2020,President,Trump,Biden,,0.00295,0.0,,117,1,2020-09-24,19:10:02 24 Sep 2020,40000
2020,President,Trump,Biden,,0.001775,2.5e-05,,118,1,2020-09-24,19:10:02 24 Sep 2020,40000
2020,President,Trump,Biden,,0.0078,0.0,,119,1,2020-09-24,19:10:02 24 Sep 2020,40000
2020,President,Trump,Biden,,5e-05,0.0,,12,1,2020-09-24,19:10:02 24 Sep 2020,40000
2020,President,Trump,Biden,,0.002025,7.5e-05,,120,1,2020-09-24,19:10:02 24 Sep 2020,40000
2020,President,Trump,Biden,,0.001375,0.0,,121,1,2020-09-24,19:10:02 24 Sep 2020,40000
2020,President,Trump,Biden,,0.015225,2.5e-05,,122,1,2020-09-24,19:10:02 24 Sep 2020,40000
2020,President,Trump,Biden,,0.0032,7.5e-05,,123,1,2020-09-24,19:10:02 24 Sep 2020,40000
2020,President,Trump,Biden,,0.0012,2.5e-05,,124,1,2020-09-24,19:10:02 24 Sep 2020,40000
2020,President,Trump,Biden,,0.02915,2.5e-05,,125,1,2020-09-24,19:10:02 24 Sep 2020,40000
2020,President,Trump,Biden,,0.004925,0.0001,,157,1,2020-09-24,19:10:02 24 Sep 2020,40000
2020,President,Trump,Biden,,0.001575,0.000225,,158,1,2020-09-24,19:10:02 24 Sep 2020,40000
2020,President,Trump,Biden,,0.00155,0.000175,,159,1,2020-09-24,19:10:02 24 Sep 2020,40000
2020,President,Trump,Biden,,0.003375,0.0006,,202,1,2020-09-24,19:10:02 24 Sep 2020,40000
2020,President,Trump,Biden,,0.003325,0.001775,,190,1,2020-09-24,19:10:02 24 Sep 2020,40000
2020,President,Trump,Biden,,0.0034,0.001025,,191,1,2020-09-24,19:10:02 24 Sep 2020,40000
2020,President,Trump,Biden,,0.0026,0.000575,,192,1,2020-09-24,19:10:02 24 Sep 2020,40000
2020,President,Trump,Biden,,0.002,0.0009,,193,1,2020-09-24,19:10:02 24 Sep 2020,40000
2020,President,Trump,Biden,,0.0057,0.002625,,194,1,2020-09-24,19:10:02 24 Sep 2020,40000
2020,President,Trump,Biden,,0.003425,0.0007,,195,1,2020-09-24,19:10:02 24 Sep 2020,40000
2020,President,Trump,Biden,,0.004025,0.00265,,196,1,2020-09-24,19:10:02 24 Sep 2020,40000
2020,President,Trump,Biden,,0.00395,0.00115,,197,1,2020-09-24,19:10:02 24 Sep 2020,40000
2020,President,Trump,Biden,,0.002575,0.001675,,198,1,2020-09-24,19:10:02 24 Sep 2020,40000
2020,President,Trump,Biden,,0.002225,0.001375,,199,1,2020-09-24,19:10:02 24 Sep 2020,40000
2020,President,Trump,Biden,,0.0,0.0,,2,1,2020-09-24,19:10:02 24 Sep 2020,40000
2020,President,Trump,Biden,,0.000275,0.0,,20,1,2020-09-24,19:10:02 24 Sep 2020,40000
2020,President,Trump,Biden,,0.005975,0.00145,,200,1,2020-09-24,19:10:02 24 Sep 2020,40000
2020,President,Trump,Biden,,0.007325,0.003925,,201,1,2020-09-24,19:10:02 24 Sep 2020,40000
2020,President,Trump,Biden,,0.005925,0.0048,,203,1,2020-09-24,19:10:02 24 Sep 2020,40000
2020,President,Trump,Biden,,0.0002,0.0,,16,1,2020-09-24,19:10:02 24 Sep 2020,40000
2020,President,Trump,Biden,,0.008525,0.00125,,204,1,2020-09-24,19:10:02 24 Sep 2020,40000
2020,President,Trump,Biden,,0.00545,0.001425,,205,1,2020-09-24,19:10:02 24 Sep 2020,40000
2020,President,Trump,Biden,,0.0019,0.0017,,206,1,2020-09-24,19:10:02 24 Sep 2020,40000
2020,President,Trump,Biden,,0.001975,0.0025,,207,1,2020-09-24,19:10:02 24 Sep 2020,40000
2020,President,Trump,Biden,,0.005175,0.0016,,208,1,2020-09-24,19:10:02 24 Sep 2020,40000
2020,President,Trump,Biden,,0.003075,0.00115,,209,1,2020-09-24,19:10:02 24 Sep 2020,40000
2020,President,Trump,Biden,,0.0001,0.0,,21,1,2020-09-24,19:10:02 24 Sep 2020,40000
2020,President,Trump,Biden,,0.0019,0.003525,,210,1,2020-09-24,19:10:02 24 Sep 2020,40000
2020,President,Trump,Biden,,0.0027,0.00175,,211,1,2020-09-24,19:10:02 24 Sep 2020,40000
2020,President,Trump,Biden,,0.00295,0.0043,,212,1,2020-09-24,19:10:02 24 Sep 2020,40000
2020,President,Trump,Biden,,0.00355,0.003375,,213,1,2020-09-24,19:10:02 24 Sep 2020,40000
2020,President,Trump,Biden,,0.00515,0.00085,,214,1,2020-09-24,19:10:02 24 Sep 2020,40000
2020,President,Trump,Biden,,0.005325,0.0013,,215,1,2020-09-24,19:10:02 24 Sep 2020,40000
2020,President,Trump,Biden,,0.003125,0.0029,,216,1,2020-09-24,19:10:02 24 Sep 2020,40000
2020,President,Trump,Biden,,0.00015,0.0,,19,1,2020-09-24,19:10:02 24 Sep 2020,40000
2020,President,Trump,Biden,,0.002725,0.0028,,189,1,2020-09-24,19:10:02 24 Sep 2020,40000
2020,President,Trump,Biden,,0.004925,0.0029,,188,1,2020-09-24,19:10:02 24 Sep 2020,40000
2020,President,Trump,Biden,,0.003325,0.00085,,187,1,2020-09-24,19:10:02 24 Sep 2020,40000
2020,President,Trump,Biden,,0.006575,0.00045,,160,1,2020-09-24,19:10:02 24 Sep 2020,40000
2020,President,Trump,Biden,,0.001825,0.000375,,161,1,2020-09-24,19:10:02 24 Sep 2020,40000
2020,President,Trump,Biden,,0.00175,0.00075,,162,1,2020-09-24,19:10:02 24 Sep 2020,40000
2020,President,Trump,Biden,,0.019625,0.000275,,163,1,2020-09-24,19:10:02 24 Sep 2020,40000
2020,President,Trump,Biden,,0.00675,0.000575,,164,1,2020-09-24,19:10:02 24 Sep 2020,40000
2020,President,Trump,Biden,,0.00195,0.000175,,165,1,2020-09-24,19:10:02 24 Sep 2020,40000
2020,President,Trump,Biden,,0.003275,0.00015,,166,1,2020-09-24,19:10:02 24 Sep 2020,40000
2020,President,Trump,Biden,,0.002225,0.0002,,167,1,2020-09-24,19:10:02 24 Sep 2020,40000
2020,President,Trump,Biden,,0.001525,0.000475,,168,1,2020-09-24,19:10:02 24 Sep 2020,40000
2020,President,Trump,Biden,,0.007225,0.0005,,169,1,2020-09-24,19:10:02 24 Sep 2020,40000
2020,President,Trump,Biden,,5e-05,0.0,,17,1,2020-09-24,19:10:02 24 Sep 2020,40000
2020,President,Trump,Biden,,0.008875,0.00025,,170,1,2020-09-24,19:10:02 24 Sep 2020,40000
2020,President,Trump,Biden,,0.001725,0.000375,,171,1,2020-09-24,19:10:02 24 Sep 2020,40000
2020,President,Trump,Biden,,0.0018,0.000575,,172,1,2020-09-24,19:10:02 24 Sep 2020,40000
2020,President,Trump,Biden,,0.003475,0.00045,,173,1,2020-09-24,19:10:02 24 Sep 2020,40000
2020,President,Trump,Biden,,0.0033,0.0005,,174,1,2020-09-24,19:10:02 24 Sep 2020,40000
2020,President,Trump,Biden,,0.001875,0.001075,,175,1,2020-09-24,19:10:02 24 Sep 2020,40000
2020,President,Trump,Biden,,0.00715,0.00405,,176,1,2020-09-24,19:10:02 24 Sep 2020,40000
2020,President,Trump,Biden,,0.001625,0.000475,,177,1,2020-09-24,19:10:02 24 Sep 2020,40000
2020,President,Trump,Biden,,0.00235,0.0007,,178,1,2020-09-24,19:10:02 24 Sep 2020,40000
2020,President,Trump,Biden,,0.0203,0.000275,,179,1,2020-09-24,19:10:02 24 Sep 2020,40000
2020,President,Trump,Biden,,0.0002,0.0,,18,1,2020-09-24,19:10:02 24 Sep 2020,40000
2020,President,Trump,Biden,,0.005325,0.000525,,180,1,2020-09-24,19:10:02 24 Sep 2020,40000
2020,President,Trump,Biden,,0.003525,0.001825,,181,1,2020-09-24,19:10:02 24 Sep 2020,40000
2020,President,Trump,Biden,,0.004125,0.0004,,182,1,2020-09-24,19:10:02 24 Sep 2020,40000
2020,President,Trump,Biden,,0.00195,0.002225,,183,1,2020-09-24,19:10:02 24 Sep 2020,40000
2020,President,Trump,Biden,,0.0018,0.000325,,184,1,2020-09-24,19:10:02 24 Sep 2020,40000
2020,President,Trump,Biden,,0.0139,0.001625,,185,1,2020-09-24,19:10:02 24 Sep 2020,40000
2020,President,Trump,Biden,,0.009325,0.00035,,186,1,2020-09-24,19:10:02 24 Sep 2020,40000
2020,President,Trump,Biden,,0.001375,0.002225,,339,1,2020-09-24,19:10:02 24 Sep 2020,40000
2020,President,Trump,Biden,,0.001675,0.002575,,340,1,2020-09-24,19:10:02 24 Sep 2020,40000
2020,President,Trump,Biden,,0.00145,2.5e-05,,98,1,2020-09-24,19:10:02 24 Sep 2020,40000
2020,President,Trump,Biden,,0.0,0.0003,,507,1,2020-09-24,19:10:02 24 Sep 2020,40000
2020,President,Trump,Biden,,0.0,0.000725,,495,1,2020-09-24,19:10:02 24 Sep 2020,40000
2020,President,Trump,Biden,,0.0,0.0004,,496,1,2020-09-24,19:10:02 24 Sep 2020,40000
2020,President,Trump,Biden,,0.0,0.000175,,497,1,2020-09-24,19:10:02 24 Sep 2020,40000
2020,President,Trump,Biden,,0.0,0.000275,,498,1,2020-09-24,19:10:02 24 Sep 2020,40000
2020,President,Trump,Biden,,0.0,0.00035,,499,1,2020-09-24,19:10:02 24 Sep 2020,40000
2020,President,Trump,Biden,,0.0,0.0,,5,1,2020-09-24,19:10:02 24 Sep 2020,40000
2020,President,Trump,Biden,,0.000375,0.0,,50,1,2020-09-24,19:10:02 24 Sep 2020,40000
2020,President,Trump,Biden,,0.0,0.000275,,500,1,2020-09-24,19:10:02 24 Sep 2020,40000
2020,President,Trump,Biden,,0.0,0.0004,,501,1,2020-09-24,19:10:02 24 Sep 2020,40000
2020,President,Trump,Biden,,0.0,0.00035,,502,1,2020-09-24,19:10:02 24 Sep 2020,40000
2020,President,Trump,Biden,,2.5e-05,7.5e-05,,503,1,2020-09-24,19:10:02 24 Sep 2020,40000
2020,President,Trump,Biden,,0.0,0.00035,,504,1,2020-09-24,19:10:02 24 Sep 2020,40000
2020,President,Trump,Biden,,0.0,0.000275,,505,1,2020-09-24,19:10:02 24 Sep 2020,40000
2020,President,Trump,Biden,,0.0,0.000325,,506,1,2020-09-24,19:10:02 24 Sep 2020,40000
2020,President,Trump,Biden,,0.0,0.000125,,508,1,2020-09-24,19:10:02 24 Sep 2020,40000
2020,President,Trump,Biden,,0.0,0.000725,,493,1,2020-09-24,19:10:02 24 Sep 2020,40000
2020,President,Trump,Biden,,0.0,0.0004,,509,1,2020-09-24,19:10:02 24 Sep 2020,40000
2020,President,Trump,Biden,,0.00085,0.0,,51,1,2020-09-24,19:10:02 24 Sep 2020,40000
2020,President,Trump,Biden,,0.0,0.00025,,510,1,2020-09-24,19:10:02 24 Sep 2020,40000
2020,President,Trump,Biden,,0.0,0.000275,,511,1,2020-09-24,19:10:02 24 Sep 2020,40000
2020,President,Trump,Biden,,0.0,0.0005,,512,1,2020-09-24,19:10:02 24 Sep 2020,40000
2020,President,Trump,Biden,,0.0,0.0002,,513,1,2020-09-24,19:10:02 24 Sep 2020,40000
2020,President,Trump,Biden,,0.0,0.0002,,514,1,2020-09-24,19:10:02 24 Sep 2020,40000
2020,President,Trump,Biden,,0.0,0.000175,,515,1,2020-09-24,19:10:02 24 Sep 2020,40000
2020,President,Trump,Biden,,0.0,0.000275,,516,1,2020-09-24,19:10:02 24 Sep 2020,40000
2020,President,Trump,Biden,,0.0,0.0001,,517,1,2020-09-24,19:10:02 24 Sep 2020,40000
2020,President,Trump,Biden,,0.0,0.000275,,518,1,2020-09-24,19:10:02 24 Sep 2020,40000
2020,President,Trump,Biden,,0.0,0.00015,,519,1,2020-09-24,19:10:02 24 Sep 2020,40000
2020,President,Trump,Biden,,0.000925,2.5e-05,,52,1,2020-09-24,19:10:02 24 Sep 2020,40000
2020,President,Trump,Biden,,0.0,0.0002,,520,1,2020-09-24,19:10:02 24 Sep 2020,40000
2020,President,Trump,Biden,,0.0,0.00025,,494,1,2020-09-24,19:10:02 24 Sep 2020,40000
2020,President,Trump,Biden,,0.0,0.000475,,492,1,2020-09-24,19:10:02 24 Sep 2020,40000
2020,President,Trump,Biden,,2.5e-05,0.001175,,462,1,2020-09-24,19:10:02 24 Sep 2020,40000
2020,President,Trump,Biden,,0.0,0.00045,,477,1,2020-09-24,19:10:02 24 Sep 2020,40000
2020,President,Trump,Biden,,0.0,0.00125,,464,1,2020-09-24,19:10:02 24 Sep 2020,40000
2020,President,Trump,Biden,,2.5e-05,0.000875,,465,1,2020-09-24,19:10:02 24 Sep 2020,40000
2020,President,Trump,Biden,,0.0,0.000925,,466,1,2020-09-24,19:10:02 24 Sep 2020,40000
2020,President,Trump,Biden,,0.0,0.0006,,467,1,2020-09-24,19:10:02 24 Sep 2020,40000
2020,President,Trump,Biden,,0.0,0.000675,,468,1,2020-09-24,19:10:02 24 Sep 2020,40000
2020,President,Trump,Biden,,2.5e-05,0.0011,,469,1,2020-09-24,19:10:02 24 Sep 2020,40000
2020,President,Trump,Biden,,0.000325,0.0,,47,1,2020-09-24,19:10:02 24 Sep 2020,40000
2020,President,Trump,Biden,,0.0,0.000575,,470,1,2020-09-24,19:10:02 24 Sep 2020,40000
2020,President,Trump,Biden,,0.0,0.00045,,471,1,2020-09-24,19:10:02 24 Sep 2020,40000
2020,President,Trump,Biden,,5e-05,0.001025,,472,1,2020-09-24,19:10:02 24 Sep 2020,40000
2020,President,Trump,Biden,,0.0,0.000725,,473,1,2020-09-24,19:10:02 24 Sep 2020,40000
2020,President,Trump,Biden,,0.0,0.000525,,474,1,2020-09-24,19:10:02 24 Sep 2020,40000
2020,President,Trump,Biden,,0.0,0.0012,,475,1,2020-09-24,19:10:02 24 Sep 2020,40000
2020,President,Trump,Biden,,0.0,0.000775,,476,1,2020-09-24,19:10:02 24 Sep 2020,40000
2020,President,Trump,Biden,,0.0,0.0005,,478,1,2020-09-24,19:10:02 24 Sep 2020,40000
2020,President,Trump,Biden,,0.0,0.000325,,491,1,2020-09-24,19:10:02 24 Sep 2020,40000
2020,President,Trump,Biden,,0.0,0.000425,,479,1,2020-09-24,19:10:02 24 Sep 2020,40000
2020,President,Trump,Biden,,0.0007,0.0,,48,1,2020-09-24,19:10:02 24 Sep 2020,40000
2020,President,Trump,Biden,,2.5e-05,0.0005,,480,1,2020-09-24,19:10:02 24 Sep 2020,40000
2020,President,Trump,Biden,,0.0,0.001,,481,1,2020-09-24,19:10:02 24 Sep 2020,40000
2020,President,Trump,Biden,,0.0,0.0005,,482,1,2020-09-24,19:10:02 24 Sep 2020,40000
2020,President,Trump,Biden,,0.0,0.00075,,483,1,2020-09-24,19:10:02 24 Sep 2020,40000
2020,President,Trump,Biden,,0.0,0.000625,,484,1,2020-09-24,19:10:02 24 Sep 2020,40000
2020,President,Trump,Biden,,0.0,0.00045,,485,1,2020-09-24,19:10:02 24 Sep 2020,40000
2020,President,Trump,Biden,,2.5e-05,0.000925,,486,1,2020-09-24,19:10:02 24 Sep 2020,40000
2020,President,Trump,Biden,,0.0,0.00085,,487,1,2020-09-24,19:10:02 24 Sep 2020,40000
2020,President,Trump,Biden,,0.0,0.000375,,488,1,2020-09-24,19:10:02 24 Sep 2020,40000
2020,President,Trump,Biden,,0.0,0.0007,,489,1,2020-09-24,19:10:02 24 Sep 2020,40000
2020,President,Trump,Biden,,0.0007,0.0,,49,1,2020-09-24,19:10:02 24 Sep 2020,40000
2020,President,Trump,Biden,,0.0,0.0007,,490,1,2020-09-24,19:10:02 24 Sep 2020,40000
2020,President,Trump,Biden,,0.0,5e-05,,521,1,2020-09-24,19:10:02 24 Sep 2020,40000
2020,President,Trump,Biden,,0.0,0.0002,,522,1,2020-09-24,19:10:02 24 Sep 2020,40000
2020,President,Trump,Biden,,0.0,0.000125,,523,1,2020-09-24,19:10:02 24 Sep 2020,40000
2020,President,Trump,Biden,,0.001525,5e-05,,83,1,2020-09-24,19:10:02 24 Sep 2020,40000
2020,President,Trump,Biden,,0.000675,0.0,,70,1,2020-09-24,19:10:02 24 Sep 2020,40000
2020,President,Trump,Biden,,0.0006,0.0,,71,1,2020-09-24,19:10:02 24 Sep 2020,40000
2020,President,Trump,Biden,,0.000925,0.0,,72,1,2020-09-24,19:10:02 24 Sep 2020,40000
2020,President,Trump,Biden,,0.000875,2.5e-05,,73,1,2020-09-24,19:10:02 24 Sep 2020,40000
2020,President,Trump,Biden,,0.00125,0.0,,74,1,2020-09-24,19:10:02 24 Sep 2020,40000
2020,President,Trump,Biden,,0.000925,0.0,,75,1,2020-09-24,19:10:02 24 Sep 2020,40000
2020,President,Trump,Biden,,0.001175,2.5e-05,,76,1,2020-09-24,19:10:02 24 Sep 2020,40000
2020,President,Trump,Biden,,0.00125,2.5e-05,,77,1,2020-09-24,19:10:02 24 Sep 2020,40000
2020,President,Trump,Biden,,0.000725,0.0,,78,1,2020-09-24,19:10:02 24 Sep 2020,40000
2020,President,Trump,Biden,,0.00075,0.0,,79,1,2020-09-24,19:10:02 24 Sep 2020,40000
2020,President,Trump,Biden,,7.5e-05,0.0,,8,1,2020-09-24,19:10:02 24 Sep 2020,40000
2020,President,Trump,Biden,,0.001325,2.5e-05,,80,1,2020-09-24,19:10:02 24 Sep 2020,40000
2020,President,Trump,Biden,,0.0011,2.5e-05,,81,1,2020-09-24,19:10:02 24 Sep 2020,40000
2020,President,Trump,Biden,,0.00145,2.5e-05,,82,1,2020-09-24,19:10:02 24 Sep 2020,40000
2020,President,Trump,Biden,,0.00085,2.5e-05,,84,1,2020-09-24,19:10:02 24 Sep 2020,40000
2020,President,Trump,Biden,,0.0,7.5e-05,,524,1,2020-09-24,19:10:02 24 Sep 2020,40000
2020,President,Trump,Biden,,0.00145,2.5e-05,,85,1,2020-09-24,19:10:02 24 Sep 2020,40000
2020,President,Trump,Biden,,0.001825,2.5e-05,,86,1,2020-09-24,19:10:02 24 Sep 2020,40000
2020,President,Trump,Biden,,0.001,5e-05,,87,1,2020-09-24,19:10:02 24 Sep 2020,40000
2020,President,Trump,Biden,,0.0015,0.0,,88,1,2020-09-24,19:10:02 24 Sep 2020,40000
2020,President,Trump,Biden,,0.001525,2.5e-05,,89,1,2020-09-24,19:10:02 24 Sep 2020,40000
2020,President,Trump,Biden,,5e-05,0.0,,9,1,2020-09-24,19:10:02 24 Sep 2020,40000
2020,President,Trump,Biden,,0.00125,0.0,,90,1,2020-09-24,19:10:02 24 Sep 2020,40000
2020,President,Trump,Biden,,0.00165,5e-05,,91,1,2020-09-24,19:10:02 24 Sep 2020,40000
2020,President,Trump,Biden,,0.002525,2.5e-05,,92,1,2020-09-24,19:10:02 24 Sep 2020,40000
2020,President,Trump,Biden,,0.00235,0.0,,93,1,2020-09-24,19:10:02 24 Sep 2020,40000
2020,President,Trump,Biden,,0.00255,0.0,,94,1,2020-09-24,19:10:02 24 Sep 2020,40000
2020,President,Trump,Biden,,0.000925,0.0,,95,1,2020-09-24,19:10:02 24 Sep 2020,40000
2020,President,Trump,Biden,,0.002,0.0,,96,1,2020-09-24,19:10:02 24 Sep 2020,40000
2020,President,Trump,Biden,,0.00265,2.5e-05,,97,1,2020-09-24,19:10:02 24 Sep 2020,40000
2020,President,Trump,Biden,,5e-05,0.0,,7,1,2020-09-24,19:10:02 24 Sep 2020,40000
2020,President,Trump,Biden,,0.0011,2.5e-05,,69,1,2020-09-24,19:10:02 24 Sep 2020,40000
2020,President,Trump,Biden,,0.000575,0.0,,68,1,2020-09-24,19:10:02 24 Sep 2020,40000
2020,President,Trump,Biden,,0.00045,0.0,,67,1,2020-09-24,19:10:02 24 Sep 2020,40000
2020,President,Trump,Biden,,0.0,0.0001,,525,1,2020-09-24,19:10:02 24 Sep 2020,40000
2020,President,Trump,Biden,,0.0,5e-05,,526,1,2020-09-24,19:10:02 24 Sep 2020,40000
2020,President,Trump,Biden,,0.0,7.5e-05,,527,1,2020-09-24,19:10:02 24 Sep 2020,40000
2020,President,Trump,Biden,,0.0,7.5e-05,,528,1,2020-09-24,19:10:02 24 Sep 2020,40000
2020,President,Trump,Biden,,0.0,5e-05,,529,1,2020-09-24,19:10:02 24 Sep 2020,40000
2020,President,Trump,Biden,,0.00045,0.0,,53,1,2020-09-24,19:10:02 24 Sep 2020,40000
2020,President,Trump,Biden,,0.0,7.5e-05,,530,1,2020-09-24,19:10:02 24 Sep 2020,40000
2020,President,Trump,Biden,,0.0,5e-05,,531,1,2020-09-24,19:10:02 24 Sep 2020,40000
2020,President,Trump,Biden,,0.0,2.5e-05,,532,1,2020-09-24,19:10:02 24 Sep 2020,40000
2020,President,Trump,Biden,,0.0,0.0,,533,1,2020-09-24,19:10:02 24 Sep 2020,40000
2020,President,Trump,Biden,,0.0,0.00055,,534,1,2020-09-24,19:10:02 24 Sep 2020,40000
2020,President,Trump,Biden,,0.0,0.0,,535,1,2020-09-24,19:10:02 24 Sep 2020,40000
2020,President,Trump,Biden,,0.0,0.0,,536,1,2020-09-24,19:10:02 24 Sep 2020,40000
2020,President,Trump,Biden,,0.0,0.0002,,537,1,2020-09-24,19:10:02 24 Sep 2020,40000
2020,President,Trump,Biden,,0.0,2.5e-05,,538,1,2020-09-24,19:10:02 24 Sep 2020,40000
2020,President,Trump,Biden,,0.000625,0.0,,54,1,2020-09-24,19:10:02 24 Sep 2020,40000
2020,President,Trump,Biden,,0.00075,0.0,,55,1,2020-09-24,19:10:02 24 Sep 2020,40000
2020,President,Trump,Biden,,0.0005,0.0,,56,1,2020-09-24,19:10:02 24 Sep 2020,40000
2020,President,Trump,Biden,,0.001,0.0,,57,1,2020-09-24,19:10:02 24 Sep 2020,40000
2020,President,Trump,Biden,,0.0005,2.5e-05,,58,1,2020-09-24,19:10:02 24 Sep 2020,40000
2020,President,Trump,Biden,,0.000425,0.0,,59,1,2020-09-24,19:10:02 24 Sep 2020,40000
2020,President,Trump,Biden,,2.5e-05,0.0,,6,1,2020-09-24,19:10:02 24 Sep 2020,40000
2020,President,Trump,Biden,,0.0005,0.0,,60,1,2020-09-24,19:10:02 24 Sep 2020,40000
2020,President,Trump,Biden,,0.00045,0.0,,61,1,2020-09-24,19:10:02 24 Sep 2020,40000
2020,President,Trump,Biden,,0.000775,0.0,,62,1,2020-09-24,19:10:02 24 Sep 2020,40000
2020,President,Trump,Biden,,0.0012,0.0,,63,1,2020-09-24,19:10:02 24 Sep 2020,40000
2020,President,Trump,Biden,,0.000525,0.0,,64,1,2020-09-24,19:10:02 24 Sep 2020,40000
2020,President,Trump,Biden,,0.000725,0.0,,65,1,2020-09-24,19:10:02 24 Sep 2020,40000
2020,President,Trump,Biden,,0.001025,5e-05,,66,1,2020-09-24,19:10:02 24 Sep 2020,40000
2020,President,Trump,Biden,,0.0,0.000925,,463,1,2020-09-24,19:10:02 24 Sep 2020,40000
2020,President,Trump,Biden,,2.5e-05,0.00125,,461,1,2020-09-24,19:10:02 24 Sep 2020,40000
2020,President,Trump,Biden,,0.00115,0.00395,,341,1,2020-09-24,19:10:02 24 Sep 2020,40000
2020,President,Trump,Biden,,7.5e-05,0.00135,,386,1,2020-09-24,19:10:02 24 Sep 2020,40000
2020,President,Trump,Biden,,0.000175,0.00195,,373,1,2020-09-24,19:10:02 24 Sep 2020,40000
2020,President,Trump,Biden,,0.000575,0.00675,,374,1,2020-09-24,19:10:02 24 Sep 2020,40000
2020,President,Trump,Biden,,0.000275,0.019625,,375,1,2020-09-24,19:10:02 24 Sep 2020,40000
2020,President,Trump,Biden,,0.00075,0.00175,,376,1,2020-09-24,19:10:02 24 Sep 2020,40000
2020,President,Trump,Biden,,0.000375,0.001825,,377,1,2020-09-24,19:10:02 24 Sep 2020,40000
2020,President,Trump,Biden,,0.00045,0.006575,,378,1,2020-09-24,19:10:02 24 Sep 2020,40000
2020,President,Trump,Biden,,0.000175,0.00155,,379,1,2020-09-24,19:10:02 24 Sep 2020,40000
2020,President,Trump,Biden,,0.000275,0.0,,38,1,2020-09-24,19:10:02 24 Sep 2020,40000
2020,President,Trump,Biden,,0.000225,0.001575,,380,1,2020-09-24,19:10:02 24 Sep 2020,40000
2020,President,Trump,Biden,,0.0001,0.004925,,381,1,2020-09-24,19:10:02 24 Sep 2020,40000
2020,President,Trump,Biden,,0.000375,0.001975,,382,1,2020-09-24,19:10:02 24 Sep 2020,40000
2020,President,Trump,Biden,,0.000225,0.0017,,383,1,2020-09-24,19:10:02 24 Sep 2020,40000
2020,President,Trump,Biden,,0.000275,0.00265,,384,1,2020-09-24,19:10:02 24 Sep 2020,40000
2020,President,Trump,Biden,,7.5e-05,0.00135,,385,1,2020-09-24,19:10:02 24 Sep 2020,40000
2020,President,Trump,Biden,,0.00025,0.002225,,387,1,2020-09-24,19:10:02 24 Sep 2020,40000
2020,President,Trump,Biden,,0.0002,0.002225,,371,1,2020-09-24,19:10:02 24 Sep 2020,40000
2020,President,Trump,Biden,,0.000275,0.00365,,388,1,2020-09-24,19:10:02 24 Sep 2020,40000
2020,President,Trump,Biden,,0.000125,0.0019,,389,1,2020-09-24,19:10:02 24 Sep 2020,40000
2020,President,Trump,Biden,,0.00035,0.0,,39,1,2020-09-24,19:10:02 24 Sep 2020,40000
2020,President,Trump,Biden,,0.0001,0.00385,,390,1,2020-09-24,19:10:02 24 Sep 2020,40000
2020,President,Trump,Biden,,0.00015,0.00355,,391,1,2020-09-24,19:10:02 24 Sep 2020,40000
2020,President,Trump,Biden,,0.000125,0.0011,,392,1,2020-09-24,19:10:02 24 Sep 2020,40000
2020,President,Trump,Biden,,7.5e-05,0.0015,,393,1,2020-09-24,19:10:02 24 Sep 2020,40000
2020,President,Trump,Biden,,7.5e-05,0.001925,,394,1,2020-09-24,19:10:02 24 Sep 2020,40000
2020,President,Trump,Biden,,7.5e-05,0.0013,,395,1,2020-09-24,19:10:02 24 Sep 2020,40000
2020,President,Trump,Biden,,5e-05,0.002125,,396,1,2020-09-24,19:10:02 24 Sep 2020,40000
2020,President,Trump,Biden,,7.5e-05,0.00835,,397,1,2020-09-24,19:10:02 24 Sep 2020,40000
2020,President,Trump,Biden,,2.5e-05,0.001425,,398,1,2020-09-24,19:10:02 24 Sep 2020,40000
2020,President,Trump,Biden,,0.0001,0.00125,,399,1,2020-09-24,19:10:02 24 Sep 2020,40000
2020,President,Trump,Biden,,0.00055,0.0,,4,1,2020-09-24,19:10:02 24 Sep 2020,40000
2020,President,Trump,Biden,,0.00015,0.003275,,372,1,2020-09-24,19:10:02 24 Sep 2020,40000
2020,President,Trump,Biden,,0.000475,0.001525,,370,1,2020-09-24,19:10:02 24 Sep 2020,40000
2020,President,Trump,Biden,,0.0,0.000725,,460,1,2020-09-24,19:10:02 24 Sep 2020,40000
2020,President,Trump,Biden,,0.002225,0.00195,,355,1,2020-09-24,19:10:02 24 Sep 2020,40000
2020,President,Trump,Biden,,0.00265,0.004025,,342,1,2020-09-24,19:10:02 24 Sep 2020,40000
2020,President,Trump,Biden,,0.0007,0.003425,,343,1,2020-09-24,19:10:02 24 Sep 2020,40000
2020,President,Trump,Biden,,0.002625,0.0057,,344,1,2020-09-24,19:10:02 24 Sep 2020,40000
2020,President,Trump,Biden,,0.0009,0.002,,345,1,2020-09-24,19:10:02 24 Sep 2020,40000
2020,President,Trump,Biden,,0.000575,0.0026,,346,1,2020-09-24,19:10:02 24 Sep 2020,40000
2020,President,Trump,Biden,,0.001025,0.0034,,347,1,2020-09-24,19:10:02 24 Sep 2020,40000
2020,President,Trump,Biden,,0.001775,0.003325,,348,1,2020-09-24,19:10:02 24 Sep 2020,40000
2020,President,Trump,Biden,,0.0028,0.002725,,349,1,2020-09-24,19:10:02 24 Sep 2020,40000
2020,President,Trump,Biden,,7.5e-05,2.5e-05,,35,1,2020-09-24,19:10:02 24 Sep 2020,40000
2020,President,Trump,Biden,,0.0029,0.004925,,350,1,2020-09-24,19:10:02 24 Sep 2020,40000
2020,President,Trump,Biden,,0.00085,0.003325,,351,1,2020-09-24,19:10:02 24 Sep 2020,40000
2020,President,Trump,Biden,,0.00035,0.009325,,352,1,2020-09-24,19:10:02 24 Sep 2020,40000
2020,President,Trump,Biden,,0.001625,0.0139,,353,1,2020-09-24,19:10:02 24 Sep 2020,40000
2020,President,Trump,Biden,,0.000325,0.0018,,354,1,2020-09-24,19:10:02 24 Sep 2020,40000
2020,President,Trump,Biden,,0.0004,0.004125,,356,1,2020-09-24,19:10:02 24 Sep 2020,40000
2020,President,Trump,Biden,,0.0004,0.0,,37,1,2020-09-24,19:10:02 24 Sep 2020,40000
2020,President,Trump,Biden,,0.001825,0.003525,,357,1,2020-09-24,19:10:02 24 Sep 2020,40000
2020,President,Trump,Biden,,0.000525,0.005325,,358,1,2020-09-24,19:10:02 24 Sep 2020,40000
2020,President,Trump,Biden,,0.000275,0.0203,,359,1,2020-09-24,19:10:02 24 Sep 2020,40000
2020,President,Trump,Biden,,0.00035,0.0,,36,1,2020-09-24,19:10:02 24 Sep 2020,40000
2020,President,Trump,Biden,,0.0007,0.00235,,360,1,2020-09-24,19:10:02 24 Sep 2020,40000
2020,President,Trump,Biden,,0.000475,0.001625,,361,1,2020-09-24,19:10:02 24 Sep 2020,40000
2020,President,Trump,Biden,,0.00405,0.00715,,362,1,2020-09-24,19:10:02 24 Sep 2020,40000
2020,President,Trump,Biden,,0.001075,0.001875,,363,1,2020-09-24,19:10:02 24 Sep 2020,40000
2020,President,Trump,Biden,,0.0005,0.0033,,364,1,2020-09-24,19:10:02 24 Sep 2020,40000
2020,President,Trump,Biden,,0.00045,0.003475,,365,1,2020-09-24,19:10:02 24 Sep 2020,40000
2020,President,Trump,Biden,,0.000575,0.0018,,366,1,2020-09-24,19:10:02 24 Sep 2020,40000
2020,President,Trump,Biden,,0.000375,0.001725,,367,1,2020-09-24,19:10:02 24 Sep 2020,40000
2020,President,Trump,Biden,,0.00025,0.008875,,368,1,2020-09-24,19:10:02 24 Sep 2020,40000
2020,President,Trump,Biden,,0.0005,0.007225,,369,1,2020-09-24,19:10:02 24 Sep 2020,40000
2020,President,Trump,Biden,,0.000275,0.0,,40,1,2020-09-24,19:10:02 24 Sep 2020,40000
2020,President,Trump,Biden,,0.0002,0.00455,,400,1,2020-09-24,19:10:02 24 Sep 2020,40000
2020,President,Trump,Biden,,2.5e-05,0.000875,,401,1,2020-09-24,19:10:02 24 Sep 2020,40000
2020,President,Trump,Biden,,2.5e-05,0.002525,,446,1,2020-09-24,19:10:02 24 Sep 2020,40000
2020,President,Trump,Biden,,0.0,0.00125,,433,1,2020-09-24,19:10:02 24 Sep 2020,40000
2020,President,Trump,Biden,,0.0,0.002075,,434,1,2020-09-24,19:10:02 24 Sep 2020,40000
2020,President,Trump,Biden,,0.0,0.0055,,435,1,2020-09-24,19:10:02 24 Sep 2020,40000
2020,President,Trump,Biden,,2.5e-05,0.003825,,436,1,2020-09-24,19:10:02 24 Sep 2020,40000
2020,President,Trump,Biden,,0.0,0.00155,,437,1,2020-09-24,19:10:02 24 Sep 2020,40000
2020,President,Trump,Biden,,0.0,0.002675,,438,1,2020-09-24,19:10:02 24 Sep 2020,40000
2020,President,Trump,Biden,,0.0,0.001725,,439,1,2020-09-24,19:10:02 24 Sep 2020,40000
2020,President,Trump,Biden,,0.00025,0.0,,44,1,2020-09-24,19:10:02 24 Sep 2020,40000
2020,President,Trump,Biden,,2.5e-05,0.00145,,440,1,2020-09-24,19:10:02 24 Sep 2020,40000
2020,President,Trump,Biden,,2.5e-05,0.00265,,441,1,2020-09-24,19:10:02 24 Sep 2020,40000
2020,President,Trump,Biden,,0.0,0.002,,442,1,2020-09-24,19:10:02 24 Sep 2020,40000
2020,President,Trump,Biden,,0.0,0.000925,,443,1,2020-09-24,19:10:02 24 Sep 2020,40000
2020,President,Trump,Biden,,0.0,0.00255,,444,1,2020-09-24,19:10:02 24 Sep 2020,40000
2020,President,Trump,Biden,,0.0,0.00235,,445,1,2020-09-24,19:10:02 24 Sep 2020,40000
2020,President,Trump,Biden,,5e-05,0.00165,,447,1,2020-09-24,19:10:02 24 Sep 2020,40000
2020,President,Trump,Biden,,5e-05,0.001225,,402,1,2020-09-24,19:10:02 24 Sep 2020,40000
2020,President,Trump,Biden,,0.0,0.00125,,448,1,2020-09-24,19:10:02 24 Sep 2020,40000
2020,President,Trump,Biden,,2.5e-05,0.001525,,449,1,2020-09-24,19:10:02 24 Sep 2020,40000
2020,President,Trump,Biden,,0.000725,0.0,,45,1,2020-09-24,19:10:02 24 Sep 2020,40000
2020,President,Trump,Biden,,0.0,0.0015,,450,1,2020-09-24,19:10:02 24 Sep 2020,40000
2020,President,Trump,Biden,,5e-05,0.001,,451,1,2020-09-24,19:10:02 24 Sep 2020,40000
2020,President,Trump,Biden,,2.5e-05,0.001825,,452,1,2020-09-24,19:10:02 24 Sep 2020,40000
2020,President,Trump,Biden,,2.5e-05,0.00145,,453,1,2020-09-24,19:10:02 24 Sep 2020,40000
2020,President,Trump,Biden,,2.5e-05,0.00085,,454,1,2020-09-24,19:10:02 24 Sep 2020,40000
2020,President,Trump,Biden,,5e-05,0.001525,,455,1,2020-09-24,19:10:02 24 Sep 2020,40000
2020,President,Trump,Biden,,2.5e-05,0.00145,,456,1,2020-09-24,19:10:02 24 Sep 2020,40000
2020,President,Trump,Biden,,2.5e-05,0.0011,,457,1,2020-09-24,19:10:02 24 Sep 2020,40000
2020,President,Trump,Biden,,2.5e-05,0.001325,,458,1,2020-09-24,19:10:02 24 Sep 2020,40000
2020,President,Trump,Biden,,0.0,0.00075,,459,1,2020-09-24,19:10:02 24 Sep 2020,40000
2020,President,Trump,Biden,,0.000475,0.0,,46,1,2020-09-24,19:10:02 24 Sep 2020,40000
2020,President,Trump,Biden,,2.5e-05,0.002725,,432,1,2020-09-24,19:10:02 24 Sep 2020,40000
2020,President,Trump,Biden,,2.5e-05,0.003025,,431,1,2020-09-24,19:10:02 24 Sep 2020,40000
2020,President,Trump,Biden,,0.0,0.00185,,430,1,2020-09-24,19:10:02 24 Sep 2020,40000
2020,President,Trump,Biden,,0.000725,0.0,,43,1,2020-09-24,19:10:02 24 Sep 2020,40000
2020,President,Trump,Biden,,7.5e-05,0.002525,,403,1,2020-09-24,19:10:02 24 Sep 2020,40000
2020,President,Trump,Biden,,5e-05,0.001075,,404,1,2020-09-24,19:10:02 24 Sep 2020,40000
2020,President,Trump,Biden,,5e-05,0.001075,,405,1,2020-09-24,19:10:02 24 Sep 2020,40000
2020,President,Trump,Biden,,0.0,0.00625,,406,1,2020-09-24,19:10:02 24 Sep 2020,40000
2020,President,Trump,Biden,,7.5e-05,0.005625,,407,1,2020-09-24,19:10:02 24 Sep 2020,40000
2020,President,Trump,Biden,,5e-05,0.0011,,408,1,2020-09-24,19:10:02 24 Sep 2020,40000
2020,President,Trump,Biden,,0.0,0.00175,,409,1,2020-09-24,19:10:02 24 Sep 2020,40000
2020,President,Trump,Biden,,0.000175,0.0,,41,1,2020-09-24,19:10:02 24 Sep 2020,40000
2020,President,Trump,Biden,,7.5e-05,0.0022,,410,1,2020-09-24,19:10:02 24 Sep 2020,40000
2020,President,Trump,Biden,,7.5e-05,0.000875,,411,1,2020-09-24,19:10:02 24 Sep 2020,40000
2020,President,Trump,Biden,,5e-05,0.00905,,412,1,2020-09-24,19:10:02 24 Sep 2020,40000
2020,President,Trump,Biden,,2.5e-05,0.02915,,413,1,2020-09-24,19:10:02 24 Sep 2020,40000
2020,President,Trump,Biden,,2.5e-05,0.0012,,414,1,2020-09-24,19:10:02 24 Sep 2020,40000
2020,President,Trump,Biden,,7.5e-05,0.0032,,415,1,2020-09-24,19:10:02 24 Sep 2020,40000
2020,President,Trump,Biden,,2.5e-05,0.015225,,416,1,2020-09-24,19:10:02 24 Sep 2020,40000
2020,President,Trump,Biden,,0.0,0.001375,,417,1,2020-09-24,19:10:02 24 Sep 2020,40000
2020,President,Trump,Biden,,7.5e-05,0.002025,,418,1,2020-09-24,19:10:02 24 Sep 2020,40000
2020,President,Trump,Biden,,0.0,0.0078,,419,1,2020-09-24,19:10:02 24 Sep 2020,40000
2020,President,Trump,Biden,,0.0004,0.0,,42,1,2020-09-24,19:10:02 24 Sep 2020,40000
2020,President,Trump,Biden,,2.5e-05,0.001775,,420,1,2020-09-24,19:10:02 24 Sep 2020,40000
2020,President,Trump,Biden,,0.0,0.00295,,421,1,2020-09-24,19:10:02 24 Sep 2020,40000
2020,President,Trump,Biden,,2.5e-05,0.00695,,422,1,2020-09-24,19:10:02 24 Sep 2020,40000
2020,President,Trump,Biden,,7.5e-05,0.00315,,423,1,2020-09-24,19:10:02 24 Sep 2020,40000
2020,President,Trump,Biden,,5e-05,0.0015,,424,1,2020-09-24,19:10:02 24 Sep 2020,40000
2020,President,Trump,Biden,,0.0,0.006325,,425,1,2020-09-24,19:10:02 24 Sep 2020,40000
2020,President,Trump,Biden,,2.5e-05,0.00305,,426,1,2020-09-24,19:10:02 24 Sep 2020,40000
2020,President,Trump,Biden,,0.0,0.00245,,427,1,2020-09-24,19:10:02 24 Sep 2020,40000
2020,President,Trump,Biden,,0.0,0.004275,,428,1,2020-09-24,19:10:02 24 Sep 2020,40000
2020,President,Trump,Biden,,2.5e-05,0.00345,,429,1,2020-09-24,19:10:02 24 Sep 2020,40000
2020,President,Trump,Biden,,2.5e-05,0.0,,0,1,2020-09-24,19:10:02 24 Sep 2020,40000
